date,user/page_name,description,media link,tags
2023-11-16,asmaetouhami,[],https://www.tiktok.com/@asmaetouhami/video/7302084356510682373,"['#voyage', '#maroc', '#morocco', '#ุงููุบุฑุจ', '#tourisme', '#ุณูุฑ']"
2023-12-11,braahim_sr,[],https://www.tiktok.com/@braahim_sr/video/7311420573358312709,['#marocaine๐ฒ๐ฆ']
2023-12-11,othman_no,['Yakol bnadm '],https://www.tiktok.com/@othman_no/video/7311399739038207238,"['#fyp', '#viral', '#fpyyyyyyyyyyyyyyyyyyyyyy', '#๐ฒ๐ฆ๐ฒ๐ฆ', '#maroc', '#๐ฉ๐ฟ๐ฉ๐ฟ', '#l9raya', '#bacmaroc2023', '#exams', '#trend', '#ุงููุบุฑุจ๐ฒ๐ฆ', '#ุงูุดุนุจ_ุงูุตููู_ูุงูู_ุญู', '#ุญุฑูุฉ_ุฅูุณุจููุฑ', '#ุฎูู']"
2023-11-16,restaurant_sultan,['๐ฅ๐๐ป๐๐ป'],https://www.tiktok.com/@restaurant_sultan/video/7302188940776312070,"['#foryou', '#rayalgerien๐ฉ๐ฟ๐น๐ณ๐ฒ๐ฆ', '#wayway', '#maroc๐ฒ๐ฆ']"
2023-11-28,hermes_was_here,['Aji t3elam chwiya dyal tijara ๐คฃ '],https://www.tiktok.com/@hermes_was_here/video/7306477097344683269,"['#marocaine๐ฒ๐ฆ', '#maroc', '#explore', '#fyp', '#redaweldchinwiya', '#algerie๐ฉ๐ฟ', '#foryou']"
2023-11-20,enviosamarruecos,[],https://www.tiktok.com/@enviosamarruecos/video/7303551382655749382,"['#aduane', '#maroc', '#iterditโ']"
2023-12-09,mohachew,['vlog zarbia ๐งน'],https://www.tiktok.com/@mohachew/video/7310677592825204000,"['#vlog', '#mini_vlog', '#maroc', '#ุบุณูู_ุณุฌุงุฏ', '#ุบุณูู_ุฒุฑุงุจู', '#ุฒุฑุจูุฉ', '#ุชูุธูู', '#ููุฒู_ูุจุงุฑู', '#ุบุณูู_ููุจ', '#ุชูุธูู_ุงูููุฒู']"
2023-12-11,mohachew,['vlog dar๐'],https://www.tiktok.com/@mohachew/video/7311302845230304545,"['#vlog', '#mini_vlog', '#maroc', '#nettoyage', '#ููุฒูู', '#ุฃูู', '#ุงูููุฒู', '#ุชูุธูู_ุงูููุฒู', '#ุชูุธูู_ูุทุจุฎ', '#ุงูุฏุงุฑ', '#ุชูุธูู_ุงูููุฒู']"
2023-12-05,mly.amineberr,['ุงูุณูุฏ ุนุจุฏ ุงููุทูู ุงูุญููุดู ูุชุฌูู ุจุฏูู ุจุฑูุชูููู ุจุดูุงุฑุน ุทูุฌุฉ ูููุงุทููู ููุชูุทูู ุตูุฑุง ูุนู '],https://www.tiktok.com/@mly.amineberr/video/7309224416708283654,"['#ุงููุบุฑุจ', '#maroc', '#morocco๐ฒ๐ฆ', '#explore', '#flypใท', '#dgsn', '#dgst', '#ุงูุงูู_ุงููุทูู', '#ุงููุฏูุฑูุฉ_ุงูุนุงูุฉ_ูููุฑุงูุจุฉ_ุงูุชุฑุงุจ_ุงููุทูู', '#ุนุจุฏุงููุทูู_ุญููุด', '#ุทูุฌุฉ']"
2023-12-03,mouna.agra,[],https://www.tiktok.com/@mouna.agra/video/7308466620123352325,"['#imazighenโโโค๏ธโค๏ธ', '#azrou', '#azrou_ifran๐ฒ๐ฆโ๐๐๐', '#foryou', '#fyp', '#tiktok', '#pourtoi', '#imazighen', '#morocco', '#ุงููุบุฑุจ', '#ุงูุงุฒูุบู', '#chelha', '#moyenatlas', '#ุงููุงุฒูุบูโ๏ธ', '#marocaine๐ฒ๐ฆ', '#travel', '#tamazight', '#hassania', '#maroc']"
2023-12-11,yazid_bahraoui,['Bch7al ๐ฐghay t9am 3liya l7fir ๐ dial lbo93a ? '],https://www.tiktok.com/@yazid_bahraoui/video/7311382051935046918,"['#immobilier', '#maroc', '#entrepreneur']"
2023-11-21,mehdighali.1,[],https://www.tiktok.com/@mehdighali.1/video/7303918283307207942,"['#tiktok', '#marocaine๐ฒ๐ฆ', '#covermaroc', '#meknes_maroc', '#safi']"
2023-11-28,asmalmnawar_,"['ููุฌุงููู ุตูุชูุง ', ' #']",https://www.tiktok.com/@asmalmnawar_/video/7306627110028758278,"['@Starlight Maroc', '@asmalmnawar', '#starlight', '#asmalmnawar', '#ููุงูุฉ_ุงููุบุฑุจ_ุงูุฃููู๐', '#morocco', '#ุงุณูุงุก_ููููุฑ', '#ุงูุณุจููุฑexplore', '#moroccancelebrity', '#ููุงูุฉ_ุงููุบุฑุจ_ุงูุฃููู๐๐', '#maroc', '#viral', '#ุงุณูุงุก_ููููุฑ', '#ุงูุณุจููุฑexplore']"
2023-11-25,tbourida.sammou,"['ูุชุญ ุงูุฎูุฑโค๏ธ ', ' ูู ูุณุจ ูุฏูู ุนูุฑู ูุดูู ูููโค๏ธ๐']",https://www.tiktok.com/@tbourida.sammou/video/7305511785925217542,"['#tbourida', '#tbourida_maroc', '#ุชุจุงุฑู_ุงูููโค๏ธ๐งฟ']"
2023-12-11,decoration_marocain1,['ุงูุตุงููู ุงููุบุฑุจู ุฏุงุฆูุง ูู ุงูููุฉ๐๐๐๐ฒ๐ฆ๐ฒ๐ฆ๐ฒ๐ฆ๐ฒ๐ฆโค๏ธโค๏ธโค๏ธโค๏ธ'],https://www.tiktok.com/@decoration_marocain1/video/7311096239402077446,"['#ุงูุดุนุจ_ุงูุตููู_ูุงูู_ุญู๐๐', '#ุชุฑูุฏ', '#ุชุฑูุฏ_ุชูู_ุชูู', '#ุฌุฏูุฏ', '#salon', '#salon_marocaine_moderne', '#deco', '#ุตุงููู', '#decoration', '#ุตุงููู', '#Fes', '#maroc', '#de', '#ูุงุณ', '#ุงููุบุฑุจ', '#ุตุงูููุงุช', '#ุชุฑูุฏ']"
2023-12-07,cr7.promax8,[' #'],https://www.tiktok.com/@cr7.promax8/video/7309965015967173894,"['#ุฑูู_ุงูุดุจุงุท', '#ุงูุญูููุฉ๐๐ฟ', '#fyp', '#ุงูุจุฑููุงู_ุงููุบุฑุจู', '#viral', '#ุบูุงุก_ุงูุงุณุนุงุฑ', '#explore', '#maroc', '#CapCut']"
2023-11-12,filter.maroc,['ููุชุฑ ุฃุญุณู ๐ง๐ง . . . '],https://www.tiktok.com/@filter.maroc/video/7300634089709669637,"['#filterosmose', '#casablanca', '#oujda', '#marocaine๐ฒ๐ฆ', '#agadir', '#maroc', '#marrakech', '#nador', '#berkane', '#ููุชุฑ_ุงููุงุก_ุงูุงุตูู', '#ููุชุฑ_ุงููุงุก_ุงูุงุตูู_7_ูุฑุงุญู']"
2023-11-23,achraf.benayad,[],https://www.tiktok.com/@achraf.benayad/video/7304741326686326021,"['#maroc', '#casablanca', '#mohemmadia', '#marocaine๐ฒ๐ฆ', '#viral']"
2023-11-25,anghaami_,"['ูุฑุณูู ูุบุฑุงู ๐ ุงูููุญูู ุงููุบุฑุจู ๐ฒ๐ฆ Follow us : @anghaam___ ุฅูุง ุดูุชููู ูุชูุณุงุด ูููู ุจุงุด ุชูุจุฑ ุงูุนุงุฆูุฉ โฅ๏ธ๐ฅ ', ' ุดุนุจูุฉ# ']",https://www.tiktok.com/@anghaami_/video/7305433760994970913,"['#chaabimaroc', '#chaabi_marocain', '#daoudia', '#senhaji', '#stati', '#nayda', '#nayda_nayda', '#naydagutierrez', '#chaabi_nayda', '#chaabimarocain', '#chaabi_maroc', '#chaabimarocaine', '#nayda', '#chaabii', '#chaabinayda', '#hajib', '#hajibadal', '#hajibalocho', '#anghaam', '#ุงูุบุงู', '#maroc', '#marrakech', '#anghaam', '#algerie', '#tunisie', '#saudiarabia', '#egypt', '#casablanca', '#ูุฑุณูู_ุงูุบุฑุงู', '#ุงูููุญูู_ุงููุบุฑุจู']"
2023-12-06,wafae.elmcharefi,[],https://www.tiktok.com/@wafae.elmcharefi/video/7309481527778430214,"['#algeria', '#chebbello', '#Stopmotion', '#yyyyyyyyyyyyyyyyyy', '#maroc', '#saoudiarabia๐ธ๐ฆ', '#2023โค๐', '#stopmotiontrend', '#qatar๐ถ๐ฆ', '#daoudi', '#tutorial', '#666', '#barbiegirl', '#turkishseries', '#chebmomo']"
2023-11-25,eviesa5,[' #'],https://www.tiktok.com/@eviesa5/video/7305373074747051270,"['#ุตูุฑ', '#ุตูุฑ_ูุฃููุง_ูู', '#foryoupageโค๏ธโค๏ธโค๏ธforyou๐๐๐viral๐', '#learnontiktok', '#ุงูุดุนุจ_ุงูุตููู_ูุงูู_ุญู๐๐', '#marocaine๐ฒ๐ฆ', '#CapCut', '#lovestory', '#foryoupageโค๏ธโค๏ธโค๏ธforyou๐๐๐viral๐']"
2023-12-06,achrafelkandoussi,"['Rรฉponse ร ', ' ุงุจุนุชูุง ููุฑูู ']",https://www.tiktok.com/@achrafelkandoussi/video/7309587671104490758,"['@user17328481086502', '#marocaine๐ฒ๐ฆ', '#algeria', '#tunisia', '#chaabi', '#chaabimaroc', '#fyp', '#ุงูุณุจููุฑ', '#ุชุฑูุฏ_ุชูู_ุชูู', '#ุฑูุต_ูุบุฑุจู', '#ุดุนุจู_ูุบุฑุจู', '#reggada', '#rai']"
2023-11-29,maitrestreetfood,[],https://www.tiktok.com/@maitrestreetfood/video/7306812301447875846,"['#ุฃููุงุช', '#ุงููุท', '#akalat_maitre', '#ุงุณูุฏ_ุงูุงุทูุณ๐๐นโค๏ธ๐ฒ๐ฆ๐ฒ๐ฆ๐ฒ๐ฆ๐ฒ๐ฆ', '#maroc', '#ุชูู_ุชูู', '#marrakesh', '#ูุฑุงูุด_ุงููุบุฑุจ']"
2023-12-10,laila__bla,['๐โจ '],https://www.tiktok.com/@laila__bla/video/7310974405675437317,"['#fypใท', '#fyp', '#love', '#marocaine๐ฒ๐ฆ', '#ุงูุณุจููุฑ', '#ุงููุบุฑุจ']"
2023-11-14,ben_jwina,"['ุถุฑุจุฉ ูุงุถูุฉ ุฑููุจุฉ ุงุฑุณูู ุงูู ุงููุถุงุก ', ' ๐ฅ๐ฅ๐ฅ๐ฅ']",https://www.tiktok.com/@ben_jwina/video/7301448246738636037,"['#Boxing', '#box', '#ุงูููุงููุฉ', '#maroc', '#algeria']"
2023-12-07,mly.amineberr,['ุงูุณูุฏ ุนุจุฏ ุงููุทูู ุญููุดูุ ุงููุฏูุฑ ุงูุนุงู ููุฃูู ุงููุทูู ูููุฑุงูุจุฉ ุงูุชุฑุงุจ ุงููุทูู ูุฎูุฑ ูุง ุฃุฎุชู ุจู ููุงูู ูู ููู ุงูุญู ุณุจุญุงูู ูุชุนุงููุ ุฅููู ุฃูุฑููุฏู ุฅููููุง ุงููุฅูุตูููุงุญู ููุง ุงุณูุชูุทูุนูุชู  ููููุง ุชููููููููู ุฅููููุง ุจูุงูููููู  ุนููููููู ุชููููููููุชู ููุฅููููููู ุฃููููุจู '],https://www.tiktok.com/@mly.amineberr/video/7309946302672981253,"['#ุงููุบุฑุจ', '#maroc', '#morocco๐ฒ๐ฆ', '#explore', '#flypใท', '#dgsn', '#dgst', '#ุงูุงูู_ุงููุทูู', '#ุงููุฏูุฑูุฉ_ุงูุนุงูุฉ_ูููุฑุงูุจุฉ_ุงูุชุฑุงุจ_ุงููุทูู', '#ุนุจุฏุงููุทูู_ุญููุด', '#ุทูุฌุฉ', '#ุงูุงูุชุฑุจูู', '#interpol', '#ุงูุตุญุฑุงุก_ุงููุบุฑุจูุฉ']"
2023-12-10,chefbidda1,[],https://www.tiktok.com/@chefbidda1/video/7311045116184120581,"['#foodstagram', '#cooking', '#cook', '#cookies', '#marocaine๐ฒ๐ฆ', '#morocco๐ฒ๐ฆ', '#eat', '#eatclean', '#eathealthy', '#reels', '#reelsinstagram', '#instagram', '#content', '#food', '#delicious', '#ุงููุบุฑุจ', '#casa', '#rabat', '#marrakech๐ฒ๐ฆmorocco']"
2023-12-06,hairstyleazlarab,['ูุง ุญุงุงุงุงุงู ๐๐๐. '],https://www.tiktok.com/@hairstyleazlarab/video/7309499530821569797,"['#casablanca', '#rabat', '#fouryou', '#fypใท', '#viral', '#marocaine๐ฒ๐ฆ', '#fypใท']"
2023-11-26,mehdi_rmd9,['๐๐ '],https://www.tiktok.com/@mehdi_rmd9/video/7305801912417373445,"['#ennaffati', '#rajacasablanca', '#celebration', '#marocaine๐ฒ๐ฆ', '#footballtiktok']"
2023-12-07,bono792,[],https://www.tiktok.com/@bono792/video/7309901094723865862,"['#CapCut', '#bono', '#yassinebounou', '#yassinbono', '#ุจููู', '#ุงูููุงู_ุงูุณุนูุฏู', '#marocaine๐ฒ๐ฆ', '#bonoedit']"
2023-11-17,laiila_queen,[],https://www.tiktok.com/@laiila_queen/video/7302370237154954502,"['#l7orr', '#explore', '#7toun', '#chaabimaroc', '#lbnj', '#chaabimaroc', '#pourtoi', '#ezzaidi', '#elgrandetoto', '#l7orr', '#elgerien', '#lghorba', '#italy', '#franc', '#lghorba', '#pourmoichallenge', '#kora', '#pourtoi', '#ezzaidi', '#fyp']"
2023-12-08,daily__maroc,['ุฑุงุจ ููู ๐ฅ๐ฅ'],https://www.tiktok.com/@daily__maroc/video/7310202090096217350,"['#ุงูุดุนุจ_ุงูุตููู_ูุงูู_ุญู๐๐', '#ุงููุบุฑุจ๐ฒ๐ฆุชููุณ๐น๐ณุงูุฌุฒุงุฆุฑ๐ฉ๐ฟ']"
2023-11-22,mawhiba__,"['ูุณุนุฏูุง ุงู ุชููู ูู ุงููุชุงุจุนูู ููุง ุ ูุฑุญุจุง ุจู โคโค ๐คฉ๐คฉ๐คฉ#', ' ๐ฒ๐ฆ๐ฉ๐ฟ๐ต๐ธ๐น๐ณโค']",https://www.tiktok.com/@mawhiba__/video/7304361286387666181,"['#maroc', '#algeria', '#freepalestine', '#tunisia', '#tanger', '#ุงููุบุฑุจ', '#morocco', '#ุทูุฌุฉ', '#ููุฑุณูุฏูุณ', '#ุงูุฌุฒุงุฆุฑ', '#ุชููุณ', '#ููุจูุง', '#ููุฑูุชุงููุง']"
2023-11-30,lmchmam_official,['Tech max tmax Dx sh smart 350 ูุงุด ูุงูุชุจุน ุตุงุญุจู ุนูู TECH MAX 2500cc '],https://www.tiktok.com/@lmchmam_official/video/7307228354464484613,"['#foryou', '#fyp', '#instagram', '#fly', '#flyp', '#comedia', '#france๐ซ๐ท', '#maroc', '#reel', '#reel', '#omg', '#portoit', '#france', '#keลfet', '#wow', '#portoi', '#pourtoi']"
2023-11-29,mol_nuya,['ูู ูุง ูุฏูู ุงููุบุงุฑุจุฉ ุงูููู ๐๐ฒ๐ฆ๐ฅ . . . '],https://www.tiktok.com/@mol_nuya/video/7306975801231019269,"['#ziyach', '#edit', '#football', '#achrafhakimi', '#marocaine๐ฒ๐ฆ', '#bono', '#fypใทใviral', '#footballtiktok']"
2023-11-16,ben_jwina,"['ุถุฑุจุฉ ูุงุถูุฉ ุงุฑุณูู ุงูู ุงููุถุงุก ', ' ๐ฅ๐ฅ๐ฅ๐ฅ']",https://www.tiktok.com/@ben_jwina/video/7302169826313768198,"['#Boxing', '#box', '#ุงูููุงููุฉ', '#maroc', '#algeria']"
2023-11-30,droit_maroc1,[],https://www.tiktok.com/@droit_maroc1/video/7307258417540844805,"['#ุงูุณุจููุฑ', '#rabat', '#marrakech', '#ุณุงุฑูููู', '#hoyam_star', '#ุตูููุง_ุทุงูููู', '#ุฑุถุง_ููุฏ_ุดููููุฉ', '#ูุฏู_ุญุงุณู', '#ููุงู_ุณุชุงุฑ', '#ูุฑุงูุด', '#ูุบุฑุจ', '#ูุบุฑุจูุฉ๐ฒ๐ฆ', '#sari_cool', '#soufia_talouni', '#ุจุงุดุง_ุญููโ๏ธโฅ๏ธ๐ฟ', '#ูุงูุฉ_ููููุฉ', '#ูุงูุฉ_ููุฑุง๐', '#ูููุฏู', '#ูุบุฑุจูุฉ๐ฒ๐ฆ', '#ูุบุฑุจ', '#ูุฑุงูุด', '#ููุงู_ุณุชุงุฑ', '#marrakech', '#rabat', '#ุงูุณุจููุฑ', '#ุฏููุง_ุจุทูู', '#soufia_talouni', '#sari_cool', '#tiktokmaroc', '#tiktok', '#maroc', '#casablanca', '#marocaine', '#agadir', '#morocco', '#tanger', '#rabat', '#algerie', '#like', '#tetouan', '#marrakech', '#tiktokalgeria', '#tunisie', '#algerienne', '#instagram', '#oujda', '#saadlamjarred', '#musically', '#tiktokdance', '#music', '#tiktokindonesia', '#fashion', '#meknes', '#tiktokindia', '#nador', '#tiktokchallenge', '#love', '#casa']"
2023-12-07,anassazzi,"['ุนูุฏู ุบุงุฏู ุชุงุฎุฏ ุทูููุจูู .. ูุงุนูุฏูุด ุญุชุง ูู ุบุงุฏู ุชุงุฎุฏ ๐โค๏ธ ', ' --- ', '@3azzy.anass']",https://www.tiktok.com/@anassazzi/video/7309878881169837317,"['@Opel Maroc', '#marocaine๐ฒ๐ฆtiktok_ุงูุณุจููุฑ๐โจโฅ๏ธโฅ๏ธ', '#explore', '#carsoftiktok', '#ุงูุดุนุจ_ุงูุตููู_ูุงูู_ุญู๐๐', '#ุงููุบุฑุจ๐ฒ๐ฆุชููุณ๐น๐ณุงูุฌุฒุงุฆุฑ๐ฉ๐ฟููุจูุง๐ฑ๐พ', '#ูุบุฑุจูุฉ๐ฒ๐ฆ', '#maroc', '#trendingsong', '#ุชุฑูุฏ_ุฌุฏูุฏ๐ฅ2021๐ฌ', '#autohall']"
2023-11-23,wijdaan_a,['ุดููุง ุชุงุน ุฏุฑูุงุชุด'],https://www.tiktok.com/@wijdaan_a/video/7304736254371925253,"['#fyyyyyyyyyyyyyyyy', '#fyp', '#tiktok', '#viral', '#maroco๐ฒ๐ฆalgeria๐ฉ๐ฟtunisia๐น๐ณ', '#fyyyyyyyyp', '#ุฏุฑูุงุชุด', '#ikbal']"
2023-11-23,amaljernaneofficiel,['๐ฅ ุจุงููุท ุฎุทููููุฑ ุงูุจูุงุช ุงูููููุงุช ุจูุตู ูููู ุฏููู : 500 ุบ ุฏููู ุฎุงุต ุจุงูุฎุจุฒ 15 ุบ ุณูุฑ ุฎุดู 10 ุบ ููุญ ๐ง 8 ุบ ุฎููุฑุฉ ุญุจูุจุงุช 320 ูู ๐ง ูุงุกู ุฏุงูุฆ ุงูููููุงุช ุจูููู ุฏููู 1000 ุบ ุฏููู ุฎุงุต ุจุงูุฎุจุฒ 30 ุบ ุณูุฑ ุฎุดู 20 ุบ ููุญ 16 ุบ ุฎููุฑุฉ ุฌุงูุฉ 640 ูู ูุงุก ๐ง ุฏุงูุฆ '],https://www.tiktok.com/@amaljernaneofficiel/video/7304706277265902854,"['#ุจุงููุท', '#ุจุงููุท_ููุฒูู', '#baggette', '#ูุฎุจูุฒุงุช', '#ูุฎุจูุฒุงุชู', '#patesserie', '#patesseriefranรงaise', '#cooking', '#explore', '#maroc']"
2023-11-12,moro_ccoooo,['ุดููู ุงุด ูุงู ุชุจุงุฑู ุงููู ุนููู๐๐ '],https://www.tiktok.com/@moro_ccoooo/video/7300658467772058885,"['#morocco๐ฒ๐ฆ', '#ุงูุณุจููุฑ', '#fypใท', '#ุงูุชุนููู', '#ูุนุชูู_ุฌูุงู', '#ุจูุนูุฏุฉ_ุนุจุฏุงูุฑุญูู', '#DimaMaghrib', '#viralvideo', '#foryou', '#maroc']"
2023-11-13,moroccomarvels2,[],https://www.tiktok.com/@moroccomarvels2/video/7300963325045689606,"['#visa', '#schengen', '#schengenvisa', '#ambassade_de_france', '#marocain', '#marocaine๐ฒ๐ฆ', '#fyp', '#tik', '#rabat', '#paris']"
2023-11-23,livemaroc70,[],https://www.tiktok.com/@livemaroc70/video/7304649015990242566,"['@redasoussia', '@ayoub.zhar', '@idroo.sabiri', '@chaimaajb3', '#marocaine๐ฒ๐ฆ', '#fyp', '#ุงูุดุนุจ_ุงูุตููู_ูุงูู_ุญู๐๐', '#foryoupage']"
2023-11-22,kimocookingstudio,"['ูุตูุงุช ุงูุดูู ูููู ุงููุบุฑุจูุฉ ุงูุนุฑููุฉโค๏ธ ุณูุทุงุช ุงูุดูู ูููู ุงูุงุฑุจุนุฉ๐ฒ๐ฆ๐ฒ๐ฆ ', ' #']",https://www.tiktok.com/@kimocookingstudio/video/7304373441870826758,"['#dubai๐ฆ๐ช', '#paris', '#france๐ซ๐ท', '#cookingshow', '#cuisinemarocaine๐ฒ๐ฆ', '#ูุงุณ_ูููุงุณ๐โฅ๏ธ', '#marocaine๐ฒ๐ฆ', '#algerie๐ฉ๐ฟ', '#AnfaplaceMall', '#marocaine๐ฒ๐ฆ๐ฒ๐ฆ', '#SaveursInternationales', '#juifmarocain๐ฒ๐ฆ']"
2023-11-24,bouz_2023,[],https://www.tiktok.com/@bouz_2023/video/7305066910130113798,"['#grandtoto', '#elgrandtoto', '#marooco', '#๐ฒ๐ฆ๐ฉ๐ฟ', '#fyp', '#foryou', '#music', '#rapmarocain๐ฒ๐ฆ']"
2023-11-13,said_shindy,"['# ', '@Said_shindy']",https://www.tiktok.com/@said_shindy/video/7301013089745489157,"['#seyamorad', '#moradbenyjrr', '#estilazooooo', '#tetuani44', '#marocaine', '#tiktok', '#ุงูุบุฑุจุฉ']"
2023-12-01,bacmaroc17,['ูุณูุณู ูุฌุน ุงูููุจ ุ ูุณูุณู ุงุณุทูุจูู ุงูุธุงููุฉ '],https://www.tiktok.com/@bacmaroc17/video/7307600655571619077,"['#ูุณูุณู', '#ูุณูุณูุงุช', '#ูุณูุณู_ูุฌุน_ุงูููุจ', '#ูุณูุณู_ุงุณุทูุจูู_ุงูุธุงููุฉ', '#ูุณูุณูุงุช_ูุงูุฑ7', '#ูุณูุณูุงุช_ุชุฑููู_ูุฏุจูุฌู', '#ูุณูุณูุงุช_ุชุฑููุฉ', '#foryou', '#fyp', '#animeobito7', '#ุงููุบุฑุจ', '#maroc', '#ุงุณุทูุจูู_ุงูุธุงููุฉ', '#ูุณูุณูุงุช_ุชุฑููู๐น๐ท', '#ูุณูุณูุงุช_ุชุฑููุฉ_ูุฏุจูุฌุฉ', '#ูุฌุน_ุงูููุจ', '#turk_mosalsalat', '#ramadan2026', '#ramadan2025', '#Ramadan2024', '#ุชุตููู_ููุฏูููุงุช๐ถ๐ค๐ฌ', '#ูุดุงููุฑ_ุชูู_ุชูู', '#ุญููุฉ', '#ุญููุฉ_ุงูููู', '#ุญููุฉ_ุฌุฏูุฏุฉ', '#ูุณูุณูุงุช_ูุงูุฑ7']"
2023-11-19,dahk.bdarija,"['๐๐๐ ', ' ุงุญุณู ููุทุน ูู ูุณูุณู ']",https://www.tiktok.com/@dahk.bdarija/video/7303168523562454278,"['#comedia', '#ุณูุญูููุฉ', '#ููุงูุฉ_ุถุญู', '#ููุงูุฉ๐๐๐คฃุฃุจููู', '#ููููุฏูุง', '#ุฑูุถุงู', '#flypใท', '#ููุงูุฉูุบุฑุจูุฉ', '#dahk_maroc', '#fyp', '#tiktok']"
2023-11-15,yoursmile.art0,[],https://www.tiktok.com/@yoursmile.art0/video/7301466098816404742,"['#maroco๐ฒ๐ฆalgeria๐ฉ๐ฟtunisia๐น๐ณ_paris๐จ๐ต', '#ูุฑูุณุง๐จ๐ต_ุจูุฌููุง๐ง๐ช_ุงููุงููุง๐ฉ๐ช', '#casabblanca', '#marocc', '#mariagemarocain๐๐', '#maroc_algerie_tunisie๐ฒ๐ฆ๐ฉ๐ฟ๐น๐ณ', '#maroc_algerie_tunisie', '#morrocco']"
2023-12-02,caftan_maroc_zman,['ุงูููุงูุฉ ุจูููุณ ุชุบูู ุฃุบุงูู ูุบุฑุจูุฉ '],https://www.tiktok.com/@caftan_maroc_zman/video/7308134304565972230,"['#caftanmarocain', '#morroco', '#tiktok', '#ุงูุฅูุงุฑุงุช', '#ุงูุณุนูุฏูุฉ', '#ุฏุจู', '#caftan']"
2023-12-02,rajae.zakaria1,['ุนุงู ุฏุงุฒ ุนูู ุฒูุงุฌูุง ูุงุฏ ุงูููุฏูู ุจุญุงู ุฅูู ุงูุจุงุฑุญ ๐'],https://www.tiktok.com/@rajae.zakaria1/video/7307769017735924997,"['#ุงูุดุนุจ_ุงูุตููู_ูุงูู_ุญู๐๐', '#treanding', '#challenge', '#ahidous_amazighi', '#marocaine๐ฒ๐ฆ', '#mariage', '#couple']"
2023-12-02,bellingham_real_madrid.1,['ุฐูุฑูุงุช ุฏูุฑู ุงุจุทุงู ุงูุฑูุจุง 2019/2020 ุฑุฏุฉ ูุนู ุฐูุงุจุฉ ุนูู ูุจุงุฑุงุฉ ุจุฑุดูููุฉ ุถุฏ ุจุงูุฑู ูููููุฎ 8-2 '],https://www.tiktok.com/@bellingham_real_madrid.1/video/7308032334081592582,"['#barcelona', '#bayernmunich', '#berandafypใท', '#bellingham', '#maroc', '#cr7', '#fypใทใviral', '#fypใท', '#fypใท', '#viraltiktok', '#viralvideo', '#video', '#laliga', '#dรบo', '#tchelse', '#liverpool', '#manchestercity', '#naboli', '#realmadrid', '#ุฑุฏุฉ_ูุนู']"
2023-11-29,bacmaroc17,"['Rรฉponse ร ', ' ูุณูุณู ูุฌุน ุงูููุจ ุ ูุณูุณู ุงุณุทูุจูู ุงูุธุงููุฉ ', '@The Best 2']",https://www.tiktok.com/@bacmaroc17/video/7306864942752238854,"['@user823170792093', '#ูุณูุณู', '#ูุณูุณูุงุช', '#ูุณูุณู_ูุฌุน_ุงูููุจ', '#ูุณูุณู_ุงุณุทูุจูู_ุงูุธุงููุฉ', '#ูุณูุณูุงุช_ูุงูุฑ7', '#ูุณูุณูุงุช_ุชุฑููู_ูุฏุจูุฌู', '#ูุณูุณูุงุช_ุชุฑููุฉ', '#foryou', '#fyp', '#animeobito7', '#ุงููุบุฑุจ', '#maroc', '#ุงุณุทูุจูู_ุงูุธุงููุฉ', '#ูุณูุณูุงุช_ุชุฑููู๐น๐ท', '#ูุณูุณูุงุช_ุชุฑููุฉ_ูุฏุจูุฌุฉ', '#ูุฌุน_ุงูููุจ', '#turk_mosalsalat', '#ramadan2026', '#ramadan2025', '#Ramadan2024', '#ุชุตููู_ููุฏูููุงุช๐ถ๐ค๐ฌ', '#ูุดุงููุฑ_ุชูู_ุชูู', '#ุญููุฉ', '#ุญููุฉ_ุงูููู', '#ุญููุฉ_ุฌุฏูุฏุฉ', '#ูุณูุณูุงุช_ูุงูุฑ7']"
2023-11-18,moro_ccoooo,"['ุฑุดูุฏ ุงููุงูู: ""ุฃุฌุฑุฉ ุงูุฃุณุชุงุฐ ูุงุฑุซุฉ"" ']",https://www.tiktok.com/@moro_ccoooo/video/7302584897548569862,"['#ุงูุฃุณุงุชุฐุฉ', '#ุจูุนูุฏุฉ_ุนุจุฏุงูุฑุญูู', '#ูุนุชูู_ุฌูุงู', '#morocco๐ฒ๐ฆ', '#morocco', '#maroc', '#fypใท', '#foryoupage', '#ุงูุชุนููู']"
2023-12-01,bacmaroc17,"['Rรฉponse ร ', ' ูุณูุณู ูุฌุน ุงูููุจ ุ ูุณูุณู ุงุณุทูุจูู ุงูุธุงููุฉ ']",https://www.tiktok.com/@bacmaroc17/video/7307580283446988037,"['@0ill.1278', '#ูุณูุณู', '#ูุณูุณูุงุช', '#ูุณูุณู_ูุฌุน_ุงูููุจ', '#ูุณูุณู_ุงุณุทูุจูู_ุงูุธุงููุฉ', '#ูุณูุณูุงุช_ูุงูุฑ7', '#ูุณูุณูุงุช_ุชุฑููู_ูุฏุจูุฌู', '#ูุณูุณูุงุช_ุชุฑููุฉ', '#foryou', '#fyp', '#animeobito7', '#ุงููุบุฑุจ', '#maroc', '#ุงุณุทูุจูู_ุงูุธุงููุฉ', '#ูุณูุณูุงุช_ุชุฑููู๐น๐ท', '#ูุณูุณูุงุช_ุชุฑููุฉ_ูุฏุจูุฌุฉ', '#ูุฌุน_ุงูููุจ', '#turk_mosalsalat', '#ramadan2026', '#ramadan2025', '#Ramadan2024', '#ุชุตููู_ููุฏูููุงุช๐ถ๐ค๐ฌ', '#ูุดุงููุฑ_ุชูู_ุชูู', '#ุญููุฉ', '#ุญููุฉ_ุงูููู', '#ุญููุฉ_ุฌุฏูุฏุฉ', '#ูุณูุณูุงุช_ูุงูุฑ7']"
2023-12-02,boutaynamlme,['ุจุบุง ูุฏุฑุญูู ู ุฃูุง ุจูุช ูุงุฑุชูู ุจูุจูููุฑ ๐ซ FILMED AND EDITED BY '],https://www.tiktok.com/@boutaynamlme/video/7308011169917291782,"['@Simo Leto', '#fyp', '#fypใท', '#fypage', '#marocaine๐ฒ๐ฆ', '#๐ฉ๐ฟ๐ฒ๐ฆ']"
2023-12-10,jalalelhouwari,[],https://www.tiktok.com/@jalalelhouwari/video/7310969878775696646,"['#ุฌูุงู_ุงูููุงุฑู', '#ุฌูุงู_ุงูููุงุฑู77', '#jalalelhowari', '#ูุฑุณููโค๐ฒ๐ฆ', '#ุฌุฑุณูู77', '#fyp', '#ุงูุณุจููุฑ', '#ุงููุบุฑุจ๐ฒ๐ฆุชููุณ๐น๐ณุงูุฌุฒุงุฆุฑ๐ฉ๐ฟ', '#ุชุงูุฑูุฑุช_ุฌุฑุณูู_ุงูุญุณููุฉ', '#maroc', '#ุชูู_ุชูู', '#espaรฑa๐ช๐ธ', '#foryoupage', '#tik_tok', '#fypใท', '#oujda', '#oujda_48_city', '#foryou', '#CapCut']"
2023-12-01,negafamaria,[],https://www.tiktok.com/@negafamaria/video/7307702828724800773,"['#negafamaria', '#caftanmarocain', '#caftan', '#ุนุฑุณ_ูุบุฑุจู', '#ุงููุบุฑุจ๐ฒ๐ฆุชููุณ๐น๐ณุงูุฌุฒุงุฆุฑ๐ฉ๐ฟ', '#ุงูุงูุงุฑุงุช_ุงูุณุนูุฏูู_ุงููููุช_ุงูุจุญุฑูู_ุนูุงู', '#ุงูุงุนุฑุงุณ_ุงููุบุฑุจูุฉ', '#ุงูุนุฑุณ_ุงููุบุฑุจู', '#ุงูุนุฑุณ_ุงููููู', '#explore']"
2023-11-13,tigrepoxy,[],https://www.tiktok.com/@tigrepoxy/video/7301085320424983813,"['#formation_general_resine', '#marocresine']"
2023-12-11,wiame.amine,[],https://www.tiktok.com/@wiame.amine/video/7311300366082133253,"['#ููุฏู_ุญุจูุจู', '#ูู_ุฅูุง_ูุฏููุฉ_ุชุงุชูุฑุฌโค๏ธ๐', '#tiktokindai', '#fbyใforyou๐ค๐ฆ', '#folower', '#fouryoupage', '#maroco๐ฒ๐ฆ', '#italyale๐ฎ๐น', '#algiria๐ฉ๐ฟ']"
2023-11-12,zoyo__1,[],https://www.tiktok.com/@zoyo__1/video/7300583878077549829,"['#zoyo_1', '#explore', '#maroco๐ฒ๐ฆalgeria๐ฉ๐ฟtunisia๐น๐ณ', '#ุงูุดุนุจ_ุงูุตููู_ูุงูู_ุญู๐๐']"
2023-11-29,moro_ccoooo,['ุชูููุฐุฉ ุชูุฌู ุฑุณุงูุฉ ูููุฉ ูุฌูุงูุฉ ุงูููู '],https://www.tiktok.com/@moro_ccoooo/video/7306961798878498054,"['#fouryoupage', '#foryou', '#ุงููุบุฑุจ๐ฒ๐ฆุชููุณ๐น๐ณุงูุฌุฒุงุฆุฑ๐ฉ๐ฟ', '#morocco', '#fypใท', '#fyp', '#ุจูุนูุฏุฉ_ุนุจุฏุงูุฑุญูู', '#ูุนุชูู_ุฌูุงู', '#ุงูุชุนููู']"
2023-12-10,asmaakerdad,['ูุงุชุจุบููุงุด ูุนุฏูู ๐๐๐ '],https://www.tiktok.com/@asmaakerdad/video/7310961706031729926,"['@Mohssin Hamuod(ุงูุดูุงูู)', '#marocaine๐ฒ๐ฆtiktok_ุงูุณุจููุฑ๐โจโฅ๏ธโฅ๏ธ', '#asmaakerdad', '#asmaa_kerdad', '#ุงูุณุจููุฑ', '#marocaine๐ฒ๐ฆ', '#ุชูุซูู_ููููุฏู']"
2023-11-24,livemaroc70,[],https://www.tiktok.com/@livemaroc70/video/7305003643261013254,"['#foryou', '#marocaine', '#fyp', '#ุงูุดุนุจ_ุงูุตููู_ูุงูู_ุญู๐๐', '#viralvideo', '#foryoupage', '#marocaine๐ฒ๐ฆ']"
2023-11-13,nnnahah3,[],https://www.tiktok.com/@nnnahah3/video/7300737629920759045,"['#maroco๐ฒ๐ฆalgeria๐ฉ๐ฟtunisia๐น๐ณ', '#marocaine๐ฒ๐ฆ', '#ุงูุดุนุจ_ุงูุตููู_ูุงูู_ุญู๐๐', '#ุงููุบุฑุจ๐ฒ๐ฆุชููุณ๐น๐ณุงูุฌุฒุงุฆุฑ๐ฉ๐ฟ', '#algerie', '#elgrandetoto', '#toto', '#elgrandetoto๐ฒ๐ฆ', '#dellalli11', '#elgrandetototeam']"
2023-12-03,bacmaroc17,"['Rรฉponse ร ', ' ุงูุญููุฉ ุงูุงุฎูุฑุฉ ูู ูุณูุณู ูุฌุน ุงูููุจ ูุณูุณู ูุฌุน ุงูููุจ ุ ูุณูุณู ุงุณุทูุจูู ุงูุธุงููุฉ ', '@The Best 2', '@The Best 2', '@The Best 2']",https://www.tiktok.com/@bacmaroc17/video/7308419552117935365,"['@xsaf58', '#ูุณูุณู', '#ูุณูุณูุงุช', '#ูุณูุณู_ูุฌุน_ุงูููุจ', '#ูุณูุณู_ุงุณุทูุจูู_ุงูุธุงููุฉ', '#ูุณูุณูุงุช_ูุงูุฑ7', '#ูุณูุณูุงุช_ุชุฑููู_ูุฏุจูุฌู', '#ูุณูุณูุงุช_ุชุฑููุฉ', '#foryou', '#fyp', '#animeobito7', '#ุงููุบุฑุจ', '#maroc', '#ุงุณุทูุจูู_ุงูุธุงููุฉ', '#ูุณูุณูุงุช_ุชุฑููู๐น๐ท', '#ูุณูุณูุงุช_ุชุฑููุฉ_ูุฏุจูุฌุฉ', '#ูุฌุน_ุงูููุจ', '#turk_mosalsalat', '#ramadan2026', '#ramadan2025', '#Ramadan2024', '#ุชุตููู_ููุฏูููุงุช๐ถ๐ค๐ฌ', '#ูุดุงููุฑ_ุชูู_ุชูู', '#ุญููุฉ', '#ุญููุฉ_ุงูููู', '#ุญููุฉ_ุฌุฏูุฏุฉ', '#ูุณูุณูุงุช_ูุงูุฑ7', '#ุฌุฒุงุฆุฑ', '#ุงูุณุจููุฑ', '#explore', '#ูุบุฑุจ', '#ุชููุณ', '#mahoudhanbi', '#ูุงูู_ุฐูุจู']"
2023-12-04,kroonmaroc,['ุฌุฑุจูุง ุญุธูู ููุณุงุจูุฉ KROON ! ูุณุงุจูุฉ ุจุฌูุงุฆุฒ ูููุฉ !'],https://www.tiktok.com/@kroonmaroc/video/7308758848167431430,[]
2023-12-01,majidzakaria75,"['Mohamed bousmaha,-ykhafou ', ' ุจูุณูุงุญุฉ']",https://www.tiktok.com/@majidzakaria75/video/7307588586382118150,"['#ุงูุฑุงู_ุงูุฎุงุชุฑ', '#algerie๐ฉ๐ฟ', '#marocaine๐ฒ๐ฆ', '#ูุญูุฏ']"
2023-11-24,exploremorocco6,"[""๐Ifrane, the 'Switzerland of Morocco,' where the air is crisp and the architecture charming. Follow our journey through this alpine town nestled in the Middle Atlas. โ๏ธ๐ก "", '"" ', ' Tap that follow for a front-row seat to more captivating adventures๐โค๏ธ']",https://www.tiktok.com/@exploremorocco6/video/7305151692780080389,"['#IfraneIdyll', '#FollowTheScenery', '#MoroccoAdventures', '#ExploreMorocco', '#TravelMagicMorocco', '#DiscoverTheAtlas', '#WanderlustMorocco', '#MajesticMedina', '#SaharaDreaming', '#CulturalJourney', '#HiddenGemsMorocco', '#MagicalMomentsInMorocco', '#snow', '#travel', '#morocco๐ฒ๐ฆ']"
2023-12-08,ilyas_edit,['BOUFAL VS SPAIN โจ '],https://www.tiktok.com/@ilyas_edit/video/7310273440018156806,"['#worldcup', '#morocco', '#spain', '#boufal', '#equipedumaroc', '#moroccovsspain']"
2023-11-21,alien_20.05,['Kolchi dyalek a wldi ๐ '],https://www.tiktok.com/@alien_20.05/video/7303922003306712325,"['#rca', '#rajamondial', '#raja', '#rajawi', '#dimaraja', '#ุงูุฑุฌุงุก_ุงูุนุงููู', '#rajaclubathletic', '#curvasudmagana', '#casablanca', '#morocco', '#bhfyp', '#green', '#rajawia', '#ุงูุฑุฌุงุก_ุงูุจูุถุงูู', '#ุงูุฑุฌุงุก_ุงูุฑูุงุถู', '#ุงูุฑุฌุงุก', '#ุงูุฑุฌุงุก_ุงูุนุงููู']"
2023-12-02,visit.morocco_,['Things to do in Morocco! ๐ฒ๐ฆ๐คฉ '],https://www.tiktok.com/@visit.morocco_/video/7308054387161713926,"['#Morocco', '#travel', '#travelmorocco']"
2023-12-10,flywithghali,['ุฃุญุณู ุตุจุงุญ ุงูุฎูุฑูุงูุนุงูู full of energy '],https://www.tiktok.com/@flywithghali/video/7311022084656794886,"['#cabincrew', '#morocco', '#happylife', '#crewlife']"
2023-11-22,tanger_pour_vous,"['ููุฑุฌุงู ุงูุซูุงูุงุช ', ' ๐ฒ๐ฆ ']",https://www.tiktok.com/@tanger_pour_vous/video/7304365201971793157,"['#ุนุฑูุณ_ุงูุดูุงู', '#ุทูุฌุฉ_ุงูุนุงููุฉ', '#ุงููุบุฑุจ', '#Morocco', '#Maroc', '#marreucos', '#Tanger', '#ุทูุฌุฉ', '#voyage', '#travel', '#vacaciones', '#holiday']"
2023-11-14,news_morocco3,[],https://www.tiktok.com/@news_morocco3/video/7301121452433067270,[]
2023-11-24,kvbli_hvmzv,[],https://www.tiktok.com/@kvbli_hvmzv/video/7305079997914664197,"['#toto', '#delali', '#lyrics', '#rap', '#morocco', '#elgrandetoto', '#fypใท', '#explore', '#fyp']"
2023-12-06,imax_ediit,[],https://www.tiktok.com/@imax_ediit/video/7309249881611291910,"['#capcut', '#reels', '#ุชุตุงููู', '#ุชุตููู_ููุฏูููุงุช', '#support', '#explore', '#talk', '#motivation', '#viral', '#foryou', '#morocco', '#naima', '#ูุนููุฉ_ุฌูู']"
2023-11-19,fatyzxx_,['sbaaaa7 lkhiiiir ๐'],https://www.tiktok.com/@fatyzxx_/video/7303154591485463813,"['#imazighn', '#ichl7iyn', '#imazighn_chloh_ntiktok', '#chlo7โตฃ', '#chlo7', '#sba7lkhir', '#lbaz', '#morocco', '#ุงูุดุนุจ_ุงูุตููู_ูุงูู_ุญู๐๐', '#fyppppppppppppppppppppppp', '#ุงูุดุนุจ_ุงูุตููู_ูุงูู_ุญู๐๐', '#ุงูุดุนุจ_ุงูุตููู_ูุงูู_ุญู๐๐']"
2023-11-25,carmaxmorocco,['Kia EV6 ๐ by '],https://www.tiktok.com/@carmaxmorocco/video/7305467909193633030,['#carmaxmorocco']
2023-11-25,le.r6144,['Alo ma๐ซ '],https://www.tiktok.com/@le.r6144/video/7305331771011239174,"['#morocco๐ฒ๐ฆุงููุบุงุฑุจุฉ', '#algerie๐ฉ๐ฟ', '#tunisia๐น๐ณ', '#ุงูุดุนุจ_ุงูุตููู_ูุงูู_ุญู๐๐', '#fypใท', '#viral', '#foryoupageโค๏ธโค๏ธ']"
2023-12-04,rhythmicrevolution,['๐ง๐ถ '],https://www.tiktok.com/@rhythmicrevolution/video/7308835850253569288,"['#fyp', '#fypใทใviral', '#fypใท', '#morocco', '#music', '#algeria', '#urope', '#africa', '#asia']"
2023-11-22,anilmle,"[""Taday's match summary ๐คง (Welcome to Africa Adli ๐) ""]",https://www.tiktok.com/@anilmle/video/7304056803808136453,"['#moroccannationalteam', '#dimamaghrib', '#morocco', '#atlaslions', '#footballedits', '#football', '#Anilmle', '#foryourpage', '#foryou', '#footballunitestheworld', '#morethanjustagame', '#ุงููุบุฑุจ', '#ุงุณูุฏ_ุงูุงุทูุณ', '#ุงูููุชุฎุจ_ุงููุบุฑุจู']"
2023-11-13,morocco__mapper__,['ุชุงุฑูุฎ ุงูููููุฉ ุงููุบุฑุจูุฉ ุงูุดุฑููุฉ ๐ฒ๐ฆ๐ฅ '],https://www.tiktok.com/@morocco__mapper__/video/7300917887567432966,"['#foryou', '#foryoupage', '#fyp', '#fypใท', '#viral', '#morocco', '#morocco๐ฒ๐ฆ', '#morocco_history', '#history', '#ุงููุบุฑุจ', '#ุงููุบุฑุจ๐ฒ๐ฆุชููุณ๐น๐ณุงูุฌุฒุงุฆุฑ๐ฉ๐ฟ']"
2023-11-22,mister.deco,[],https://www.tiktok.com/@mister.deco/video/7304258277976624390,"['#parquet', '#parquetematico', '#diy', '#diyproject', '#diywithblock', '#diyarbakฤฑr', '#decoratewithme', '#decorateroom', '#parquetepeyac', '#arabella', '#tiktokuni', '#tiktokindia', '#motiondesign', '#agadir_tiznit_idawsamlal_tafrout', '#agadirbeach', '#agadir_morocco', '#agadir_morocco', '#lifestyle', '#tiktok', '#parquetflooring', '#decorationinterieur', '#tiktoknews', '#parquetepeyac', '#motion']"
2023-11-22,.rl498,[],https://www.tiktok.com/@.rl498/video/7304076958315351328,"['#ุญูููุงุช_ุณููุฉ', '#ุญูููุงุชู', '#ุญูููุงุช_ูุบุฑุจูุฉ', '#ุญูููุงุช_ูุณุชูุฑุฏุฉ', '#ุญููู', '#ูุบุงุฑุจุฉ_ูู_ุงูุบุฑุจุฉ', '#ูุบุฑุจูุงุช_ุฃุฌูู_ูุณุงุก_ุงูููู', '#ูุบุงุฑุจุฉ_ุจูุฌููุง๐ฒ๐ฆ๐ง๐ชููููุฏุง๐ณ๐ฑ', '#moroccoo', '#moroccotiktok']"
2023-12-04,loulouu08,['We love howari dauphin >>> '],https://www.tiktok.com/@loulouu08/video/7308830480533572870,"['#fypใท', '#viral', '#morocco๐ฒ๐ฆุงููุบุงุฑุจุฉ', '#ุงููุบุฑุจ๐ฒ๐ฆุชููุณ๐น๐ณุงูุฌุฒุงุฆุฑ๐ฉ๐ฟ', '#๐ฒ๐ฆ', '#ุงูุดุนุจ_ุงูุตููู_ูุงูู_ุญู๐๐', '#ุงููุบุฑุจ', '#marrueccos', '#ุงูุฒูู_ุงูุฌููู', '#morocco๐ฒ๐ฆ', '#wayway๐ฉ๐ฟโค๏ธ๐ฒ๐ฆ']"
2023-12-06,smarttiles,"['This year, everybody fell in love with these green peel and stick tiles from our Morocco collection. Itโs our best seller of 2023. Do you have a prediction for next year? ']",https://www.tiktok.com/@smarttiles/video/7309511545346739462,"['#smarttiles', '#diy', '#renterfriendly', '#diyproject', '#peelandsticktiles', '#peelandstick', '#diyhomedecor', '#greentiles']"
2023-11-24,yassersahly,['Just kidding girls ๐๐ '],https://www.tiktok.com/@yassersahly/video/7305111062867660037,"['#morocco', '#morocco๐ฒ๐ฆ', '#tangier', '#casablanca', '#marrakech', '#names', '#girls', '#toxic', '#toxicgirl', '#fati', '#zainab', '#aya', '#maryam', '#soukain', '#dina', '#laugh', '#lol', '#ุจูุงุช_ุงููุบุฑุจ_ุงุฌูู_ุจูุงุช_ุงูุนุงูู', '#ุจูุงุช_ุงููุบุฑุจ']"
2023-12-09,amine_diyanii,['ูุนุงูุงุฉ ุงููุบุงุฑุจุฉ ูุฏูููุฉ๐๐ฒ๐ฆ '],https://www.tiktok.com/@amine_diyanii/video/7310349680364260613,"['#maroc', '#marocaine', '#morocco', '#ุงูุจุฑููุงู', '#ุงูุจุฑููุงู_ุงููุบุฑุจู', '#ูุนุงูุงุช', '#ูุนุงูุงุช_ุงูููุงุทููู', '#ุญุงูุงุช', '#ุญุงูุงุช_ูุงุชุณุงุจ', '#ุญุงูุงุช_ุงูุณุชูุฑุงู', '#ุงูุฌุฒุงุฆุฑ', '#algeria', '#algerie', '#algerienne๐ฉ๐ฟ', '#dz', '#ุงูุธูู', '#ุถูู', '#ุญุฒู', '#ุงููุงูุน', '#ุงููุงูุน_ุงููุคูู', '#ุบูุงุก_ุงูุฃุณุนุงุฑ']"
2023-12-07,majestic_evenements,['Fan de la complicitรฉ de ce couple ๐ '],https://www.tiktok.com/@majestic_evenements/video/7309951824910486816,"['@Enissay', '@Amilah ๐', '#mariage', '#wedding', '#morocco', '#moroccanwedding', '#mariagemarocain', '#moroccangirl', '#love', '#couple', '#couplegoals', '#negafa', '#caftan', '#takchita', '#ziana', '#bride']"
2023-11-24,inasgarmou,['Yall im getting married๐ '],https://www.tiktok.com/@inasgarmou/video/7304799010735262982,"['#maum', '#maumapp', '#morocco', '#korea', '#๐ฒ๐ฆ', '#๐ฐ๐ท', '#culture', '#fyp', '#kdrama', '#kfood', '#kpop', '#kculture', '#koreantiktok', '#learnkorean', '#koreanlanguage', '#inasgarmou', '#polyglot']"
2023-11-22,berkane1967,['@berkane 1967'],https://www.tiktok.com/@berkane1967/video/7304396695209512198,"['#ุขูุงุทูุฉ_ูุญูููุฉ_ุงูุฌุฏุงุฑููุฉ', '#ุฅูู_ุฏุฑุช_ุดู_ูุงูุทุฉ_ูุญููู_ุนููุง', '#reggada_berkane_moroccoo', '#berkane_49๐๐๐๐๐๐๐๐', '#video', '#berkane', '#oujda', '#nador', '#foryoupage', '#tiktokarabe', '@ุญูููุงุช ุงู ุณุงุฑุฉ ๐karima cuisin', '@nadiakrm290', '@La vie est belle', '@nadjat', '@Azzeddine93', '@Kader Gtd33', '@Malak maloka ๐ฉ๐ฟโค', '@ูุนููุฉ ุณููุฑุฉ ุงูุณูุงู', '@Amine Oran']"
2023-12-07,ligue1ubereats,['Ounahi vs Gattuso ๐ฅ๐คฃ '],https://www.tiktok.com/@ligue1ubereats/video/7309854432399723782,"['#Ligue1', '#SportsTikTok', '#marseille', '#OMOL', '#gattuso', '#ounahi', '#france', '#italy', '#maroc', '#morocco', '#funny', '#joke', '#om', '#velodrome', '#france', '#football']"
2023-11-29,zarzourw,[],https://www.tiktok.com/@zarzourw/video/7306672211866176774,"['#zarzour', '#zar', '#maroco๐ฒ๐ฆalgeria๐ฉ๐ฟtunisia๐น๐ณ']"
2023-11-24,allvli37,['๐๐. '],https://www.tiktok.com/@allvli37/video/7304803288023649542,"['#fyp', '#morocco', '#ุงูุดุนุจ_ุงูุตููู_ูุงูู_ุญู๐๐', '#ุงููุบุฑุจ']"
2023-11-28,.se911k,[],https://www.tiktok.com/@.se911k/video/7306544198444911874,"['#ูุทุงุฑ', '#ูุฌุฑุงู', '#ุงูู', '#ูุทุงุฑ', '#ูุญูุฏ_ุงูุฎุงูุณ', '#ุงููุบุฑุจ๐ฒ๐ฆ', '#ูุฑุงูุด', '#ุงูุฏุงุฑ_ุงูุจูุถุงุก', '#ุงุทุฑุจ', '#ุดุจุงุจู', '#ุทูุน', '#ุฌูุงุฒู', '#ูุงุณุญุจ', '#ุงูุฏูู', '#ุจุฏูู', '#ูุงูุนูุฑ', '#ูุฑู']"
2023-11-30,fahdoukadir,['ูุณุนูุฏ ููุนุงูุด ูุนุจ ููุบุฌููุณ ูููู'],https://www.tiktok.com/@fahdoukadir/video/7307223265037110534,"['#200k', '#ุงููุบุฑุจ๐ฒ๐ฆ']"
2023-11-27,user394198800,['ุจูุฒุจุงู ูุงูููุฑ ๐คฃ๐คฃ๐คฃ๐คฃ '],https://www.tiktok.com/@user394198800/video/7306238554194185477,"['#ุจูุฒุจุงู', '#ุงููุบุฑุจ', '#๐คฃ๐คฃ๐คฃ']"
2023-11-24,plomhar,['๐ '],https://www.tiktok.com/@plomhar/video/7305101703030869253,"['#renovation', '#travaux', '#chantier', '#casablanca_morocco_tik_tok๐ฒ๐ฆุงููุบุฑุจ', '#ุงูุฏุงุฑ_ุงูุจูุถุงุก', '#ุงูุณุจููุฑ', '#ุงููุบุฑุจ_ุงูุนุฑุจู', '#maison', '#construction', '#artisan', '#explore']"
2023-11-18,almazyun12,['ูุตูุฏุฉ ู ุดุนุฑ ุงูุฎูุงูุฉ '],https://www.tiktok.com/@almazyun12/video/7302573696785337605,['#ุงููุบุฑุจ']
2023-11-24,rachid.340,[],https://www.tiktok.com/@rachid.340/video/7305122405842701573,"['#ุงูููููุฉ_ุงููุบุฑุจูุฉ_ุงูุดุฑููุฉ๐ฒ๐ฆ', '#ุงููุบุฑุจ๐ฒ๐ฆ', '#ุงูุงุฏูุฑ_ุชูุฒููุช_ุชุงูุฑูุช_ุฅูุงุฒูุบู_ุณูุณ', '#ูุฑุงูุด_ุงูุญูุฑุงุก_ุงูุฑุจุงุท_ุทูุฌุฉ_ูููุงุณ', '#ุทูุฌุฉ_ุชุทูุงู_ุงูุญุณููุฉ_ุดูุดุงูู']"
2023-12-05,walidelhafi,"['@Walid Elhafi', '@Walid Elhafi', '@Walid Elhafi']",https://www.tiktok.com/@walidelhafi/video/7309131867842825478,"['#berkan', '#berkane', '#berkankarabulut', '#berkane_49๐๐๐๐๐๐๐๐', '#ุจุฑูุงู', '#ุจุฑูุงููุฉ_ู_ูุงูุชุฎุฑ๐', '#ahfir', '#ุจุฑูุงู_ุงูุบุถุจ', '#oujda', '#ุจุฑูุงูู_ูุงูุชุฎุฑ๐', '#aklim', '#ุงููุบุฑุจ', '#nadour', '#regada', '#taforalt', '#nador', '#saidia', '#ุงููุบุฑุจ', '#ุจุฑูุงูู_ูุงูุชุฎุฑ๐']"
2023-11-26,younestahraoui_,"['@ุจุฏุฑ ุงููุบุฑุจู ุฑุงุนู ุงูุบูู ๐๐ด๐', '@Younes Tahraoui', '@Younes Tahraoui']",https://www.tiktok.com/@younestahraoui_/video/7305874698234137862,"['#ูุทุฑ_ุงูุณุนูุฏูู', '#ุงูุนุฑุงู_ุงูุณุนูุฏูู_ุงูุงุฑุฏู_ุงูุฎููุฌ', '#ุงูุณุนูุฏูุฉ๐ธ๐ฆ๐ธ๐ฆ๐ธ๐ฆ', '#ุชููุณ', '#ุงูุฌุฒุงุฆุฑ', '#ูุฑูุณุง๐จ๐ต_ุจูุฌููุง๐ง๐ช_ุงููุงููุง๐ฉ๐ช_ุงุณุจุงููุง๐ช', '#ุงููุบุฑุจ', '#ุงูุทุงููุง_ุชูู_ุชูู']"
2023-11-29,nadi_kanadiii,[],https://www.tiktok.com/@nadi_kanadiii/video/7306878096186035488,"['#ูุตุฑ', '#ุงูุฌุฒุงุฆุฑ๐ฉ๐ฟ', '#ุชููุณ๐น๐ณ', '#ููุจูุง๐ฑ๐พ', '#ุณูุฑูุง', '#pourtoi', '#parati', '#viral', '#ุดุนุจ_ุงูุตููู_ูุงูู_ุญู๐๐', '#ุงููุบุฑุจ๐ฒ๐ฆ', '#ุงูุณุจููุฑ', '#ุงูุณุจููุฑexplore', '#explore', '#explor']"
2023-12-04,hamidadam823,[],https://www.tiktok.com/@hamidadam823/video/7308687826965531937,"['#ุฑุฌู', '#ุงููุบุฑุจ', '#ููุชู', '#ุฒูุฌุชู', '#ูุงูู', '#ุงูุณุจุจ']"
2023-12-02,monsif.official,['ุจุงู ุจุงู ูููุณ ุงููุฏููุฉ ๐ฑ๐ฒ๐ฆ ุจุฏุงูุฉ ูููุณ ุฌุฏูุฏุฉ ๐ซกโ๏ธ ูู ุงููุบุฑุจ ๐ฒ๐ฆ ุดูู ุจุงูู ๐ฏ ุฎูู ูุนุงู ููุจ ู ูุชุงุจุนุฉ ุจุฑูุฌููุฉ ๐โค๏ธ๐ฅบ '],https://www.tiktok.com/@monsif.official/video/7308067021529566470,"['#ุงููุบุฑุจ๐ฒ๐ฆ', '#ุชููุณ๐น๐ณ', '#ุงูุฌุฒุงุฆุฑ๐ฉ๐ฟ', '#ุงูุตุญุฑุงุก_ุงููุบุฑุจูุฉ', '#ูุญูุฏ_ุงูุณุงุฏุณ', '#ููุชุฎุจ_ุงููุบุฑุจ', '#news', '#ุนุงุฌู', '#ุฃุฎุจุงุฑ', '#maroc', '#ุงููุบุฑุจ', '#fypใท', '#foryoupagee', '#tiktoklongs']"
2023-11-14,doujashahd,['ูุงุฏ la soupe ุจุบูุชูู ุชุฌุฑุจููุง ุณุงุงุงุงููุฉ ุจุฒุงุงุงู ู ุชุชุณุฎู ููุงุฏ ุงูุจุฑุฏ ู ูุงุชุดุจุนูุด ูููุงุงุงุง ู ุงููู ุฌุฑุจุงุชูุง ุชุดุงุฑููุง ูุนุงูุง ๐๐๐ @douja1099 '],https://www.tiktok.com/@doujashahd/video/7301328983554051333,"['#food', '#cooking', '#marocco', '#marocaine', '#eat', '#ุงููุบุฑุจ']"
2023-12-11,zaki_btc,['๐๐ ููุบุงุฑุจุฉ ุฌูุจูู ุงูุนุฒ ๐ ุนุทุงุฑ ุฃุจูุฑ ุณุงุฆุญุชูู ุฃุฌูุจูุชูู ูุฃุซุงุฑ ุถุฌุฉ ุจูุฑุงูุด.. '],https://www.tiktok.com/@zaki_btc/video/7311420741990370566,"['#CapCut', '#ูุงุณ', '#ูุบุงุฑุจุฉ_ุงูุนุงูู', '#ุงููุบุฑุจ', '#ุงูุฏุงุฑ_ุงูุจูุถุงุก', '#ุงูุฑุจุงุท', '#ุงููููุทุฑุฉ', '#ุทูุฌุฉ', '#ุชุทูุงู', '#ูุฑุงูุด', '#ุงูุงุฏูุฑ', '#casablanca', '#marrakech', '#tanger', '#rabat', '#ุฑููุฒ', '#ููุฑูู', '#ุงูุณุจููุฑ', '#ููุจ', '#ููุฑุงู', '#ุฎุจุฑ_ุนุงุฌู', '#ุงูุงู']"
2023-11-16,mohammedelhamri2,[],https://www.tiktok.com/@mohammedelhamri2/video/7301995955748883717,"['#Tiktokmarocco', '#ุฎุงูููู_ุงูุณุนุงุฏุฉ_ุจููุงุชูุง๐๐๐', '#explore_ุงูุณุจููุฑุฑ', '#pour_toi', '#ุงููุบุฑุจ_ุงูุนุฑุจู_ุงูุฎููุฌ_ุงูุนุฑุจู_ุงูุนุงูู']"
2023-12-09,wld_nfer,"['ูุงู ูุฏู ุถุงุน ุนูุฑู ๐ช๐บ๐ฎ๐น๐ช๐ธ ููุชูู ุชุนุฌุจูู ๐๐น๐น๐น๐น๐น๐๐๐ ', '-ุงููุบุฑุจูุฉ ', '-ููุณู ']",https://www.tiktok.com/@wld_nfer/video/7310652562838015238,"['#tiktok', '#ููุฏ_ููุฑ', '#wld_nfer', '#ุงูุฌุงููุฉ', '#ูููุงูู', '#ุฑููุง', '#ููุงุฏ', '#ุฅูุทุงููุง', '#ุฅุณุจุงููุง', '#ุงููุบุฑุจ', '#ูุงุณ', '#ูุฑุงูุด', '#ุณูุฏู_ุญุฌุงุฌ', '#ุงูุนููุฉ', '#ุฒุนุฑู_ุฎุฑูุจฺฏุฉ', '#ูุงุฏ_ุฒู']"
2023-11-24,sout_el_chaab,['ุนุทุงูู ุงูุนุตูุฑ ูุงููุงุณ ุงููุจูุฑ โ๏ธโ๏ธโ๏ธ ููุง ูููู ูุฏูููู โ๏ธ '],https://www.tiktok.com/@sout_el_chaab/video/7305163953120890118,"['#ุงูููููุฉ_ุงููุบุฑุจูุฉ_ุงูุดุฑููุฉ๐ฒ๐ฆ', '#ุงูููููุฉ_ุงููุบุฑุจูุฉ', '#fyp', '#tiktok', '#explore', '#foryoupage', '#ุงูุณุจููุฑ', '#ุงููุบุฑุจ', '#fypใทใviral', '#ุชุนููู_ุงูุฃุฌูุงู_ูุจู_ุงููููุฏูุงู']"
2023-11-14,thequeen.foutoun,['# '],https://www.tiktok.com/@thequeen.foutoun/video/7301372700822457632,"['#ุชูู_ุชูู', '#ุชูู_ุชูู', '#ุฑูุต_ุดุฑู', '#ุฏุจู', '#ุงูุงูุงุฑุงุช', '#ุฑูุต_ูุบุฑุจู', '#ุฑูุต_ูุตุฑ', '#ุจูุงุช', '#ุจูุงุช_ุชูู_ุชูู', '#ุงูุฑูุงุถ', '#ุงููุบุฑุจ', '#ุฑูุชููู_ุงููููู', '#ุงูุณุนูุฏูู', '#ุงุจูุธุจู', '#beaute', '#beautenaturelle', '#routinebeaute', '#cledepeaubeaute', '#instabeaute', '#beautedesmains', '#mabeaute', '#beautessence', '#beauteaddict', '#beautetox', '#beauteous', '#beautenoire', '#beautedesongles', '#conseilbeaute', '#beauteafricaine', '#fashionmodel', '#fashion', '#model', '#modeling', '#photography', '#fashionblogger', '#fashionstyle', '#fashionphotography', '#photoshoot', '#style', '#fashionista', '#modellife', '#portrait', '#photooftheday', '#beauty', '#instagood', '#instagram', '#models', '#love', '#fashiondesigner', '#modelling', '#portraitphotography', '#beautiful', '#instafashion', '#photographer', '#picoftheday', '#modelsearch', '#fashionweek', '#follow', '#malemodel', '#fypใทใviral', '#fyp', '#foryou', '#fyp', '#explore']"
2023-11-14,asmalmnawar_,[],https://www.tiktok.com/@asmalmnawar_/video/7301453665905216774,"['@asmalmnawar', '@Starlight Maroc', '#ุงูุฌูุงู_ุงููุบุฑุจู', '#asmalmnawarโค๏ธ๐ฒ๐ฆ๐ฆ๐ฒ๐ฆ๐ฒ๐ฆ๐ฒ๐ฆ๐ฒ๐ฆ๐ฆ๐ฆ๐ฆ๐ฆ๐๐', '#ุงุณูุงุก_ููููุฑ', '#starlight', '#fypใท', '#moroccancelebrity', '#viral', '#ููุงูุฉ_ุงููุบุฑุจ_ุงูุฃููู๐๐']"
2023-11-26,ostoratona,['Instagram:flos.bdarija1 โค๏ธููุฌุงูุจ ููุดู ูุฃูุณุทุบุฑุงู ูุฑุญุจุง ุจููู๐ซกโค๏ธ'],https://www.tiktok.com/@ostoratona/video/7305743770539101445,"['#ุฑุจุญ_ุงููุงู_ูู_ุงููุงุชู', '#ุฑุจุญ_ูู_ุงูุงูุชุฑูุช', '#fypageใท', '#ุงูุณุจููุฑ', '#morocco๐ฒ๐ฆ', '#ุงููุบุฑุจ๐ฒ๐ฆ', '#saadlamjarred', '#ุงูุดุนุจ_ุงูุตููู_ูุงูู_ุญู๐๐', '#ูุบุฑุจูุงุช_ุงุฌูู_ูุณุงุก_ุงูููู๐ฒ๐ฆ๐ฒ๐ฆ๐ฒ๐ฆ', '#ูุบุฑุจูุฉูุงูุชุฎุฑ', '#explore', '#viral', '#morocco', '#foryou', '#foryourpage', '#fyp', '#ุงูุชุฌุงุฑุฉ_ุงูุงููุชุฑูููุฉ']"
2023-11-30,glamournews24h,[' #'],https://www.tiktok.com/@glamournews24h/video/7307267473856843014,"['#ุงููุบุฑุจ', '#ุงููุนุฌุฒุฉ_ุงูุฑุจุงููุฉ', '#ุงูุญูุฏููู', '#ุญุถุฑ_ุงูุงูุณุจููุฑ', '#tiktoklong', '#pourtoi', '#foryou', '#fyp', '#explore', '#morocco', '#algeria', '#trending', '#ุญูุงูุงุช']"
2023-11-12,doujashahd,['ุงููุญู ุจุทุฑููุฉ ูุบุฑุจูุฉ ุฏูุงู ุงูููุฉ ู ุงููุฎูุฉ ุชูุชููู ุชุฌุฑุจู ุงูุทุฑููุฉ ู ุชุฑุฏู ุนููุง โค๏ธ ุชูุจุบููู ุจุฒุงู ๐ง๐ป\u200dโ๏ธูู ุฌุงูู ุงูููุฏูู ุุุุ '],https://www.tiktok.com/@doujashahd/video/7300600772440427781,"['#food', '#cooking', '#marocco', '#marocaine', '#eat', '#ุงููุบุฑุจ๐ฒ๐ฆุชููุณ๐น๐ณุงูุฌุฒุงุฆุฑ๐ฉ๐ฟ']"
2023-11-20,ramos.ino,['ููุฎุต ูุจุงุฑุงุฉ ุงููุบุฑุจ ู ุงูุฌุฒุงุฆุฑ ูุจุงุฑุงุฉ ูุงุฑ ๐ฅ '],https://www.tiktok.com/@ramos.ino/video/7303653883027508485,"['#ุงููุบุฑุจ', '#ุงูุฌุฒุงุฆุฑ', '#ุจูุดุฑูู', '#ูุฒุฑุงูู', '#ุญุงุฑูุช', '#ุงูุฑฃุฑุงฃูโฅ๏ธโฅ๏ธ๐ฒ๐ฆ๐ฅ๐ฅ๐ฅ', '#ุนุจุฏุงูุตูุฏ_ุงูุฒูุฒููู', '#ุญููู_ุฒูุงุด', '#ุฃุดุฑู_ุญูููู', '#ููุณู_ุงููุตูุฑู', '#ุจูุงู_ุฎููุณ', '#ูุงุณูู_ุจููู', '#ููุณู_ุจูุงููู', '#ูุงุณูู_ุฅุจุฑุงูููู', '#foryoupage', '#foryou', '#fypใท']"
2023-12-07,ghina__elmalki,[],https://www.tiktok.com/@ghina__elmalki/video/7309769112803216646,"['#ุงูุฌุฒุงุฆุฑ_ุชููุณ_ุงููุบุฑุจ', '#marocaine๐ฒ๐ฆ', '#ููุฑุฌุงู', '#mariage๐', '#ุงููุบุฑุจ', '#ุฏููุง_ุจุทูุฉ๐ฒ๐ฆ', '#ุฑูุงูุดูุงุช_ูุถุญูู', '#ุงูููุชุฎุจ_ุงููุบุฑุจู', '#ุงูุณุจููุฑexplore', '#ุงูุณุจููุฑ', '#maroco๐ฒ๐ฆalgeria๐ฉ๐ฟtunisi', '#explore', '#ุฒูุงุด__ููููุชุฎุจ๐ช๐ฒ๐ฆ', '#ุฒูุงุด_ุญููู', '#ุฒูุงุด']"
2023-11-17,kasper_saki,[],https://www.tiktok.com/@kasper_saki/video/7302418082792754438,"['#duck', '#funnyvideos', '#funny', '#ุงููุบุฑุจ']"
2023-11-18,la.fontaine.1,[' avec '],https://www.tiktok.com/@la.fontaine.1/video/7302727876003056902,"['#duo', '#ุฏุน_ูุฐูุฐ_ุงููุฑู_ูุงูุชุจู_ุซู_ุตู', '#ุงููุงุช_ุงููุณุชูุจู', '#ุงูุดุนุจ_ุงูุตููู_ูุงูู_ุญู๐๐', '#ูุฒุงุฑุฉุงูุชุนููู_ูู_ุงููุบุฑุจ', '#ุงููุบุฑุจ๐ฒ๐ฆ', '#ุฅุถุฑุงุจ', '#ุงููุธุงู_ุงูุฃุณุงุณู', '#ุงููุฌุงุญ_ูููู_ุจู']"
2023-11-16,doujashahd,['ุงูููู ูููุฉ ุจุงูุจูุงู ๐ ุฏูุงู ุชุญููุฑุฉ ุฏ ุงููุฌู ู ุฏ ุงูููุงุฑ ุงููุจูุฑ ุฎุงุตูู ุชุฌุฑุจููุงุงุงุง ุชูุจุบููู ุจุฒุงู @douja1099 '],https://www.tiktok.com/@doujashahd/video/7302067777299336454,"['#food', '#cooking', '#marocco', '#marocaine', '#eat', '#ุงููุบุฑุจ']"
2023-11-18,oma.covers,['\u200eุงูุจูุช ุจูุช ุฃุจููุงุ ูุฅุฌู ุงูุบุฑุจ ูุทุฑุฏููุงโโจ . . . . . . . . . '],https://www.tiktok.com/@oma.covers/video/7302895106565131526,"['#freedom', '#love', '#nature', '#happiness', '#happy', '#inspiration', '#palestine', '#islam', '#jordan', '#ููุณุทูู', '#gaza', '#ุงููุบุฑุจ', '#morocco', '#freepalestine', '#muslim', '#instagram', '#sing', '#music', '#queen', '#smile', '#follow', '#morroco', '#fun', '#beautiful', '#instalike', '#guitar', '#explore', '#instagram', '#trending']"
2023-11-22,monsif.official,['ููุชุฎุจ ุงููุบุฑุจู ุฌููุน ุงููุฆุฉ ุงูุนูุฑูุฉ ูููุฒ ูุฐุง ููู ุซูุงุซุงุก ๐ฏ ุงูุฅุนูุงู ุงูุฌุฒุงุฆุฑู โ๏ธ ุบุงุถุจ ๐ ุดูู ุจุงูู ููุฐุง ุงููุถูุฉ ๐ซก ุฎูู ูุนุงู ููุจ ู ูุชุงุจุนุฉ ุจุฑูุฌููุฉ ๐๐ฅบโค๏ธ '],https://www.tiktok.com/@monsif.official/video/7304062658318191877,"['#ููุชุฎุจ_ุงููุบุฑุจ', '#ุงููุบุฑุจ๐ฒ๐ฆ', '#ุชููุณ๐น๐ณ', '#ุงูุฌุฒุงุฆุฑ๐ฉ๐ฟ', '#ุงููุบุฑุจ', '#maroc', '#ูุญูุฏ_ุงูุณุงุฏุณ', '#ุงูุตุญุฑุงุก_ุงููุบุฑุจูุฉ', '#ุฃุฎุจุงุฑ', '#news', '#ุนุงุฌู', '#tiktoklongs', '#foryoupagee', '#fypใท']"
2023-11-23,abdelkamalik,[],https://www.tiktok.com/@abdelkamalik/video/7304593656105749766,"['#ูุจูุฑ', '#ูุจูุฑ_ูุงูุญุจูุจ', '#ูุจูุฑ_ู_ูุญุจูุจ', '#ูุจูุฑ_ูุดุนูุจูุฉ', '#ูุจูุฑ_ูุชูุญุฉ', '#ูุจูุฑ_ุจูุงูู_ุณููุฑุณ', '#ูุจูุฑูุงูุญุจูุจ', '#ุณูุชููู_ูุบุฑุจู', '#ูุณูุณู_ูุบุฑุจู', '#ูุณูุณูุงุช_ูุบุฑุจูุฉ', '#ุงููุบุงุฑุจุฉ', '#ุงููุบุฑุจ', '#maroc', '#fyp', '#foryou', '#foryo', '#ุงูุณุจููุฑ', '#explore', '#firal', '#ูุบุงุฑุจุฉ_ุงูุนุงูู']"
2023-12-02,dahdouhx8,['ุฑูุญ ุงูุฑูุญ ๐ '],https://www.tiktok.com/@dahdouhx8/video/7308008426204876037,"['#Follow', '#ููุณุทูู', '#ุบุฒุฉ', '#ุงูุนุฑุงู', '#ุงูููู', '#ุงูุงูุงุฑุงุช', '#ุงููุฏุณ', '#ุงูุณุนูุฏูุฉ', '#ุงูุจุญุฑูู', '#ุงูุงุฑุฏู', '#ุงููุบุฑุจ', '#ุณูุฑูุง', '#ุงููููุช', '#ุงูุณูุฏุงู', '#ุงูุฌุฒุงุฆุฑ', '#ุนูุงู', '#ูุจูุงู', '#palestine', '#freepalestine', '#artist', '#ุฑุณู', '#palestine๐ต๐ธ', '#tiktoksong', '#artistsoftiktok']"
2023-12-06,medbenki,"['ุงููุบุฑุจ ุถุฏ ุงูุจุฑุชุบุงู ุฏูุงุฆู ุงูุฃุฎูุฑุฉ ุฑุจุน ููุงุฆู ูุฃุณ ุงูุนุงูู ูุทุฑ 2022 ', ' ุถุฏ ุงูุจุฑุชุบุงู']",https://www.tiktok.com/@medbenki/video/7309541896488062213,"['#ุงููุบุฑุจ๐ฒ๐ฆุชููุณ๐น๐ณุงูุฌุฒุงุฆุฑ๐ฉ๐ฟ', '#ูุงุณ_ุงูุนุงูู_2022', '#ุงููุบุฑุจ']"
2023-11-28,anghammaghribia,[],https://www.tiktok.com/@anghammaghribia/video/7306645519395294470,"['#ibtissamtiskat', '#mehdifadili', '#ููููู_ุงููุฌุฏู', '#ุญุจ', '#tiktok', '#ูุณูู_ุญุฏุงุฏ', '#tiktok', '#explore', '#fypใท', '#ุงูุดุนุจ_ุงูุตููู_ูุงูู_ุญู๐๐', '#fypใท', '#ุฌูุงุนุชูุง_ุฒููุฉ', '#ุงููุบุฑุจ', '#ูุบุฑุจูุฉ๐ฒ๐ฆ', '#ุงุจุชุณุงู_ุชุณูุช', '#partage', '#followersโ', '#follow', '#pourtoi', '#pourtoi']"
2023-11-18,na.dia.officiel,[],https://www.tiktok.com/@na.dia.officiel/video/7302906901405158662,"['#ุงูุดุนุจ_ุงูุตููู_ูุงูู_ุญู๐๐', '#ุชุตูููู', '#ุณุชูุฑูุงุช', '#explore_ุงูุณุจููุฑ', '#ููุฏูููุงุช_ุญุงูุงุช_ูุงุชุณ', '#ุชุตูู_ููุฏูููุงุช๐ถ๐ค๐ฌ', '#ุงููุบุฑุจ๐ฒ๐ฆ']"
2023-12-03,saker.koraish,"['@ุตูุฑ ูุฑูุด', '@๐ธ๐ฆโ๏ธูุจู ููุจูโ๏ธ๐ธ๐ฆ', '@ุตูุฑ ูุฑูุด']",https://www.tiktok.com/@saker.koraish/video/7308400202627501318,"['#ุงููุบุฑุจ', '#ุฏุจู', '#ุงูุฅูุงุฑุงุช', '#ูุฑุงูุด', '#ุงูุฏุงุฑ_ุงูุจูุถุงุก', '#ุงูุฑุจุงุท', '#ุตูุฑูุฑูุด_ููุณูุงุญุฉ', '#ุณูุงุญุฉ', '#ุณูุฑ', '#ุงูุณุจููุฑ', '#viral', '#foryou', '#fyp', '#tiktok']"
2023-12-10,aminabellamlih,"['@jalila', '@jalila', '@jalila']",https://www.tiktok.com/@aminabellamlih/video/7311056473864359173,"['#ุงููุบุฑุจ๐ฒ๐ฆุชููุณ๐น๐ณุงูุฌุฒุงุฆุฑ๐ฉ๐ฟ', '#pourtoi', '#foryoupage', '#ุฏููุง_ูุบุฑุจ']"
2023-12-01,rayanemilanou160,"['ุงุญุจุงุจู ูููุช ุนูููู ', ' ๐๐๐ฏ๐ฏ']",https://www.tiktok.com/@rayanemilanou160/video/7307729608168787206,"['#ุงููุบุฑุจ', '#ุงูุฌุฒุงุฆุฑ', '#ูุดุงููุฑ_ุชูู_ุชูู', '#ุงูุณุจููุฑexplore']"
2023-11-26,zouhir.hlichou,[],https://www.tiktok.com/@zouhir.hlichou/video/7305871673926946053,"['#ุงููุบุฑุจ_ุงูุฌุฒุงุฆุฑ_ุชููุณ', '#ููุฑุงู', '#ูุงุณ', '#ุงูุฏุงุฑุงูุจูุถุงุก', '#nachat47', '#ุชููุณ๐น๐ณ', '#tiktokmaroc', '#ุงููุบุฑุจ', '#ุงูุฌุฒุงุฆุฑ', '#ุงูููููู_ุงูุนุฑุจูู_ุงูุณุนูุฏูู๐ธ๐ฆ']"
2023-11-25,younestahraoui_,"['@Younes Tahraoui', '@ุจุฏุฑ ุงููุบุฑุจู ุฑุงุนู ุงูุบูู ๐๐ด๐', '@โ๏ธุงููุทูู๐ฆุงุจู ุงูุนุฑุจ๐ฆ1โ๏ธ']",https://www.tiktok.com/@younestahraoui_/video/7305477644857003270,"['#ุงููุบุฑุจ', '#ุงูุฌุฒุงุฆุฑ', '#ุชููุณ', '#ุงูุณุนูุฏูุฉ๐ธ๐ฆ๐ธ๐ฆ๐ธ๐ฆ', '#ุงูุนุฑุงู_ุงูุณุนูุฏูู_ุงูุงุฑุฏู_ุงูุฎููุฌ', '#ูุทุฑ_ุงูุณุนูุฏูู']"
2023-11-17,morceaudesuuucre,[' avec '],https://www.tiktok.com/@morceaudesuuucre/video/7302442591000202501,"['#duo', '#ุฎูุฑูู_ุฎูุฑูู_ูุงููู', '#ุฃุบููุฉ', '#ุฃุบููุฉุฑุงุฆุนุฉ๐ง', '#ุฃุญุงุณูุณ', '#fyp', '#f', '#foryou', '#music', '#musica', '#dance', '#maroc', '#ุนุฑุงู', '#ูุบุฑุจ', '#ุงููุบุฑุจ', '#ุงููุบุฑุจ๐ฒ๐ฆุชููุณ๐น๐ณุงูุฌุฒุงุฆุฑ๐ฉ๐ฟ', '#ุฃุบุงูู', '#ุญุจ', '#ุญุจูุจู', '#ุฅุดุชูุงู', '#ุบุฑุงู']"
2023-11-23,3aze_lkhayl_mrabtha1,"['@ุนุฒ ุงูุฎูู ูุฑุงุจุทูุง', '@ุนุฒ ุงูุฎูู ูุฑุงุจุทูุง', '@ุนุฒ ุงูุฎูู ูุฑุงุจุทูุง']",https://www.tiktok.com/@3aze_lkhayl_mrabtha1/video/7304719581011070213,"['#ุงูุฒุฑฺฏ_ุงูุฒูู', '#ูุงุดุงุกุงููู_ุชุจุงุฑู_ุงููู', '#ุนุดุงู_ุงูุฎูู๐โฅ๏ธ', '#ุงููุฑุฌู_โค๏ธุงูุฏุนู๐_ุจูุงูู๐_ูุงููุชุงุจุนุฉ', '#ุงูุชุจูุฑูุฏุฉ_ุชุฑุงุซ_ุดุนุจู_ูุบุฑุจู_ุฃุตูู', '#ุงูุณุจููุฑ', '#ูููุง_ูุจููู_ููููุง_ูุฎููููู_ุจูุง_ุจููููุฉ๐ค', '#ุงุญุจููโค๏ธ', '#ุงููุบุฑุจ๐ฒ๐ฆุงูุฌุฒุงุฆุฑ๐ฉ๐ฟ', '#ุงุณุจุงููุง๐ช๐ธ', '#ูุฑูุณุง๐จ๐ต', '#ุจูุฌููุง๐ง๐ช', '#ุงูุทุงููุง๐ฎ๐น', '#ุจุฑุชุบุงู๐ต๐น', '#ุงูุฎููุฌ', '#fyp', '#tiktok', '#foryoupage', '#pourtoi', '#explore']"
2023-11-12,amira_el508,[],https://www.tiktok.com/@amira_el508/video/7300508231045090566,"['#fyp', '#viral', '#foryou', '#foryoupage', '#ุงููุบุฑุจ๐ฒ๐ฆ', '#ุดุนุจ_ุงูุตููู_ูุงูู_ุญู๐๐']"
2023-11-13,djabdoofficiel,"['ุดุนุจู ูุงูุถุฉ โค๏ธ\u200d๐ฅ๐ง๐ ', '@๐ ๐ง ๐จ 3๐ โฌ', '@๐ ๐ง ๐จ 3๐ โฌ', '@๐ ๐ง ๐จ 3๐ โฌ']",https://www.tiktok.com/@djabdoofficiel/video/7300927337405664544,"['#cha3bimaroc๐ง๐ป๐ฅ๐ง', '#ุงููุชุฑุง_ุงููุบุฑุจูุฉ', '#music', '#ุงููุบุฑุจ๐ฒ๐ฆุชููุณ๐น๐ณุงูุฌุฒุงุฆุฑ๐ฉ๐ฟ', '#ars_3d', '#trending', '#tiktok', '#ูุงูู__explore___', '#fyp']"
2023-11-17,younestahraoui_,"['@โ๏ธุงููุทูู๐ฆุงุจู ุงูุนุฑุจ๐ฆ1โ๏ธ', '@ุงูู ๐ุญูุงุชู๐', '@HANI TV 1']",https://www.tiktok.com/@younestahraoui_/video/7302506571102276869,"['#ูุตุฉ_ูุตูุฑุฉ', '#ูุตุฉ_ุนุดู', '#ูุตุฑ', '#ูุทุฑ_ุงูุณุนูุฏูู', '#ุงูุงูุงุฑุงุช๐ฆ๐ช๐', '#ุงููุบุฑุจ', '#ุงูุฌุฒุงุฆุฑ', '#ุงูุนุฑุงู', '#ุงูุณุนูุฏูุฉ']"
2023-11-20,queen_of_smile3,['ูุงุญูุงุชู ูุง ุฃุตู ุงูุนุฑุจ ููู ูููู ูุงููู ุฅููู ูุฎุฑ ููุง ูููุดูุฏ ุงูุชุงุฑูุฎ ุงูุฑุนุจ ุงูุฐู ุฑูุจุชู ูู ุงูุตูุงููุฉ ูุงููู ูุญูููู ููุญูุธูู ูุงุฑุจ'],https://www.tiktok.com/@queen_of_smile3/video/7303548008161955078,"['#ุณูููุฉ_ุฅุณุฑุงุฆูู', '#ุงุญุชุฌุงุฒ_ุณูููุฉ_ุฅุณุฑุงุฆูู', '#ุงูููู๐พ๐ช', '#ุงููุบุฑุจ๐ฒ๐ฆ', '#ูููุฉุงูุฅุจุชุณุงูุฉ', '#ูููุฉุงูุงุจุชุณุงูุฉ_ุญุณุงุจ_ุงุญุชูุงุทู', '#ุงุถุญู', '#ุงูููู', '#yemen๐พ๐ช', '#ูุดุงูุฏุงุช', '#ุงูุดุนุจ_ุงูุตููู_ูุงูู_ุญู๐๐', '#ูููุฉุงูุฅุจุชุณุงูุฉุญุณุงุจ_ุงุญุชูุงุทู', '#ุงูุณุจููุฑexplore', '#yemen']"
2023-11-16,videochannelmaroc,[],https://www.tiktok.com/@videochannelmaroc/video/7302095252263947526,"['#maroctiktok_algerie_tunisie_tik_tok', '#maroctiktok', '#quan', '#iraq', '#ุงูุนุฑุงู', '#ุงูุฌุฒุงุฆุฑ', '#allahโค๏ธ', '#ุงููุฑุขู_ุฑุงุญุฉ_ููุณูุฉ', '#foryoupage', '#fyp', '#algerie๐ฉ๐ฟ', '#citation', '#morrocantiktok๐ฒ๐ฆ', '#ุทุจู', '#natu', '#ุงููุบุฑุจ_ุงูุนุฑุจู_ุงูุฎููุฌ_ุงูุนุฑุจู_ุงูุนุงูู']"
2023-11-24,rofakae.elfokarae.2024,[],https://www.tiktok.com/@rofakae.elfokarae.2024/video/7305080667165969670,"['#ุงููุดุงูุฏุงุช', '#tiktok', '#follow', '#ุบูุงุก_ุงูุงุณุนุงุฑ', '#ุงููุบุฑุจ', '#ุงููุบุฑุจ๐ฒ๐ฆุชููุณ๐น๐ณุงูุฌุฒุงุฆุฑ๐ฉ๐ฟ', '#ุงูุดุนุจ_ุงูุตููู_ูุงูู_ุญู๐๐']"
2023-12-11,younestahraoui_,"['@Younes Tahraoui', '@๐ฐ๐ฅง๐๐ฆ๐จ๐ง๐ฉ๐งโ๏ธ', '@ุจุฏุฑ ุงููุบุฑุจู ุฑุงุนู ุงูุบูู ๐๐ด๐']",https://www.tiktok.com/@younestahraoui_/video/7311425745602071814,"['#ุงูุณุนูุฏูุฉ', '#ูุทุฑ_ุงูุณุนูุฏูู', '#ุงูุงูุงุฑุงุช_ุงูุนุฑุจูุฉ_ุงููุชุญุฏู๐ฆ๐ชโค๏ธ', '#ุงููููุช_ูุตุฑ_', '#ุงููุบุฑุจ', '#ุงูุฌุฒุงุฆุฑ', '#ุชููุณ']"
2023-11-20,majda_delices,['\u200eููู ุฌุงุชูู ุงููุตูุฉ ุฏูุงู ุงูููู ุ ุฃูุง ูู ููุงุฑ ูู ุญุฑุจุชู ููุง ูุนุชูุฏ ุนูุฏู ููุฌู ูุฐูุฐ ๐ูุฃูู ุญุงุฌุฉ ุณุงุงุงูู \u200eุชุงุจุนู ุตูุญุชู ูููุฒูุฏ ูู ุงููุตูุงุช ุงูุณููุฉ ููุฐูุฐุฉ โค๏ธ Follow @majda_delices ููููุงุช ุงูุฏุฌุงุฌ ุญุณุจ ุงูุฑุบุจุฉ ุฎุถุฑ ุจุงุฒูุงุกุ ุฌุฒุฑุ ูุฑุน ุฃุฎุถุฑ ุทุจุงุทุณุ ูููู ุงููุงู ุงูุฎุถุฑ ุญุณุจ ุงูุฑุบุจุฉ ุชูุงุจู ุงูุฏุฌุงุฌ ููุญุูููู ุฃุณูุฏุ ูุฑูู ุฒูุฌุจููุูููู ุงุญูุฑ (ุงูุชุญููุฑุฉ) ุชูุงุจู ุงูุฏุฌุงุฌ ุงุฎุชูุงุฑูุฉ ุซูู ุ ูุฒุจุฑ ู ุจูุฏููุณ ููุนูุฉ ู ุนุตูุฑ ุญุงูุถุฉุ ููุนูุฉ ุต ูุนุฌูู ุทูุงุทู ุชูุงุจู ุงูุฎุถุฑ ูููู ุงุญูุฑ (ุงูุชุญููุฑุฉ) ููุญ ุ ูุฑููุ ููููุ ุงููููู ูู ูุนุฌูู ุทูุงุทูุ ุฒูุช ุฒูุชูู \u200e'],https://www.tiktok.com/@majda_delices/video/7303597506477280517,"['#ุนุดุงุก', '#ูุญุจุฉ_ุตุญูุฉ', '#ูุฌุจุงุช', '#ุณุฑูุน', '#ุณูู', '#ูุฐูุฐ', '#ูุฐูุฐุฉ', '#ุทุจุฎุฉ', '#ูุจุณุฉ', '#ุฏุฌุงุฌ', '#ุงุฑุฒ', '#ุงูุณุจููุฑ', '#ุงูู', '#ุงูู_ุตุญู', '#ุบุฏุงุก', '#ุบุฏุงุก_ุตุญู', '#ุดูููุงุช', '#ูุทูุฑ', '#ูููุฉ', '#ุทุจุฎุงุช', '#ุทุจุฎ', '#ุงููุบุฑุจ', '#ูุฌุจุฉ', '#ูุงูุญ', '#ุญูููุงุช', '#ุญููุง', '#chef', '#cuisine', '#marocco', '#agadir']"
2023-11-29,amaljernaneofficiel,['ูุฑูุงุณูู ๐ฅ ูุจุชุจุงู ุจุนุฌูู ูุงุญุฏ โ๏ธ ุงูููููุงุช : 660 ุฏููู ุญูููุงุช ุญูููุงุช 2 ููุงุนู ูุจูุฑุฉ ุฒุจุฏุฉ ๐ง ุทุฑูุฉ ูุตู ูุฃุณ ุณูุฑ 70 ุบ 15 ุบ ุณูุฑ ูููุง 10 ุบ ููุญ ููุนูุฉ ุตุบูุฑุฉ 16 ุบ ุฎููุฑุฉ ุญุจูุจุงุช ููุนูุฉ ููุตู 320 ูู ูุงุก ๐ง ุฏุงูุฆ 2 ูุคูุณ. '],https://www.tiktok.com/@amaljernaneofficiel/video/7306946895513914629,"['#ูุฎุจูุฒุงุช', '#ูุฎุจูุฒุงุชู', '#croissant', '#croissants', '#ูุฑูุงุณูู๐ฅ', '#patesserie', '#patesseriefranรงaise', '#ุงููุบุฑุจ๐ฒ๐ฆุชููุณ๐น๐ณุงูุฌุฒุงุฆุฑ๐ฉ๐ฟ', '#ุทุจุฎ', '#ุงูุณุจููุฑ']"
2023-11-15,ramos.ino,['ููุฎุต ูุจุงุฑุงุฉ ุงููุบุฑุจ ู ุจูุฌููุง 2-0 ูุฃุณ ุงูุนุงูู ูุทุฑ 2022 ูุจุงุฑุงุฉ ูุงุฑ ๐ฅ '],https://www.tiktok.com/@ramos.ino/video/7301785880107257094,"['#ุงููุบุฑุจ', '#ุจูุฌููุง', '#ุฒูุงุด', '#ุญูููู', '#ุจููู', '#ููุณู_ูุตูุฑู๐ฒ๐ฆ๐ฒ๐ฆ', '#ุญูุฏุงููู', '#ูุฃุณ_ุงูุนุงูู']"
2023-12-03,oussama_belali,['ุชูููุฏ ุฑุงุฆุน - ุฒููุฉ ุฏุงูุฏูุฉ ๐ปโฅ๏ธ๐๐ฌ '],https://www.tiktok.com/@oussama_belali/video/7308441104335097094,"['#oussamabelali', '#ุงููุบุฑุจ๐ฒ๐ฆ', '#zinadaoudia', '#uae๐ฆ๐ช', '#fvpใท', '#qatar๐ถ๐ฆ', '#daoudia', '#tiktokmaroc๐ฒ๐ฆ', '#this_is_morocco', '#dubai๐ฆ๐ช']"
2023-11-25,chebreda.cristal,['@Reda cristal'],https://www.tiktok.com/@chebreda.cristal/video/7305397526004354309,"['#cheb_reda_cristal', '@elmalki_wissal', '#ูุง_ุจุบูุช_ูููุณ๐ถ๐ฐ_ูุงุจุบูุช_ุฏููุง๐', '#ุงููุบุฑุจ๐ฒ๐ฆุชููุณ๐น๐ณุงูุฌุฒุงุฆุฑ๐ฉ๐ฟุชุฑููุง๐น๐ท_ุงูุนุฑุงู๐ฎ๐ถ๐ฒ', '#ูุดุงููุฑ_ุชูู_ุชูู_ูุดุงููุฑ_ุงูุนุฑุจ', '#ูุดุงููุฑ_ุงูุนุงูู', '#ghir_jdid_khawti_nhbkomโค๏ธ๐ค๐', '#rai_jdid2023๐ฉ๐ฟ๐ฒ๐ฆ๐น๐ท๐๐raijdid']"
2023-11-25,moroccanai_,[],https://www.tiktok.com/@moroccanai_/video/7305306724964109574,"['#ุฃุจููู_ูุนุงู_ูุงู_ุจุงุทู_ููุง_ุญูุง_ููุณุชุงูููุด๐ฅบ๐ฅ', '#ุงููุฑุงูุง_ูููุฉ_ุงูุง_ุตุญุชูุง_ุงูู', '#ุฏูุฑ_ุฌุงู_ูู_ุฎุงุทุฑ_ูุงุฐ_ุงูููุฏููโคโจ', '#ุงููุฑุงูุงูุงูุฏุจุฒุฉ๐๐๐๐คฃ', '#ุงููุบุฑุจ๐ฒ๐ฆุชููุณ๐น๐ณุงูุฌุฒุงุฆุฑ๐ฉ๐ฟ', '#ุดุนุจ_ุงูุตููู_ูุงูู_ุญู๐๐', '#ูุบุฑุจ_ุชููุณ_ุงูุฌุฒุงุฆุฑ_ูุตุฑ_ุงูุนุฑุงูู', '#ุทูุญุจูู___ูุงููููโฅ๏ธโจ']"
2023-11-20,meryemlife0,['ุฃุตุนุจ ุญุงูุฉ ููุช ๐๐'],https://www.tiktok.com/@meryemlife0/video/7303544090916932869,"['#ุงูุฏูู_ุงูุนุฑุจูู', '#ุฐูู_ุงูููู', '#ุงููุบุฑุจ๐ฒ๐ฆุชููุณ๐น๐ณุงูุฌุฒุงุฆุฑ๐ฉ๐ฟ', '#ุงูุณุนูุฏูุฉ_ุงูุงูุงุฑุงุช', '#ุงูุณุนูุฏูุฉ']"
2023-11-15,cosa.rista,['ููุฎุต ุงููู ูุจุงุฑุงุฉ ุงูุทุงููุฉ ๐ข ูููุงู ุถุฏ ููููุชูุณ '],https://www.tiktok.com/@cosa.rista/video/7301800622913752326,"['#ูููุงู', '#ููููุชูุณ', '#ุงูุทุงููุง', '#ุงูุฏูุฑู_ุงูุงูุทุงูู', '#ุงููุบุฑุจ๐ฒ๐ฆ']"
2023-12-03,user4023377169011,[],https://www.tiktok.com/@user4023377169011/video/7308342518897315077,"['#ูุดุงููุฑ_ุงูุนุงูู', '#ุนุงูู_ุชูู_ุชูู', '#ูุดุงููุฑ_ุงููุบุฑุจ', '#ุงููุบุฑุจ', '#ุงูุฌุฒุงุฆุฑ', '#ุชููุณ', '#ููุจูุง', '#ูุตุฑ']"
2023-11-24,its_wessal_,['ุฃุญูู ูุงูุง โค๏ธ๐ฎ\u200d๐จ '],https://www.tiktok.com/@its_wessal_/video/7304970510603996421,"['@Achraf05', '@DรธUรฆโค๏ธ๐', '#espaรฑa๐ช๐ธ', '#ุงูุบุฑุจุฉ', '#ุงูุดุนุจ_ุงูุตููู_ูุงูู_ุญู๐๐', '#wheneverwherevershakira๐ถ๐ค๐ค', '#ุงููุบุฑุจ๐ฒ๐ฆุชููุณ๐น๐ณุงูุฌุฒุงุฆุฑ๐ฉ๐ฟ', '#Funk', '#FunkNoCapCut', '#fyp']"
2023-12-10,simaa.officiel,['@๐ฒ๐ฆSimaa.officiel๐ฒ๐ฆ'],https://www.tiktok.com/@simaa.officiel/video/7310698867853380870,"['#ูููู_ูููู', '#ุฃู_ุณูุทุงู', '#minivlog', '#ูููู_ูููู', '#ุณูุฑ', '#foryoupage', '#minivlog', '#ูุบุฑุจ_ุฌุฒุงุฆุฑ_ุชููุณ_ุฎุงูุฉ๐ฉ๐ฟ๐ฒ๐ฆ๐น๐ณ', '#ูุญูุฏ_ุณูุทุงู', '#ุฒูุฌู', '#simaa', '#ุงููุบุฑุจ๐ฒ๐ฆ', '#ุงุฒููุงู', '#ุจูู_ููุงู', '#ูุฑุงูุด', '#ุงูุฑุจุงุท', '#ููููุงุช_ุชูู_ุชูู', '#ุดูุงูุงุช_ุงุฒูุฏ']"
2023-11-21,imaneadinar,['ูุงุด ูุฎุจุงุฑูู ุจูู ุงููููุฉ ุฏูุงู ุงูููู ุจูุง ุจูุถ ๐ฅ ูุชุฌู ุฎุทููููููููุฑุฉ ๐ฅฐ๐ฅฐ๐ฅฐ ูุงุด ุจุบูุชู ูุดุงุฑู ูุนุงูู ุตูุต ๐คฉ๐คฉ . ุณุฌูู ุงููุตูุฉ ุถุฑูุฑู ุชุญุชุงุฌููุง !!! . . ููุงุฏูุฑ 3ููุณุงู ุฏููู 2ููุณุงู ูุงุก ูุตู ูุงุณ ุฒูุช 3 ูุนุงูู ูุงูุงู ูุฑ ููุนูุชูู ุฎู ููุญ ูุงุณ ุณูุฑ 2ุฎูุงุฑุงุช ูุงูู . . . Follow :@imane_adinar Follow :@imane_adinar โข โข . @gastromixte . . '],https://www.tiktok.com/@imaneadinar/video/7303904121126391046,"['#ุชุงููู', '#ูุดุฑูุจุงุช_ุณุงุฎูู', '#ูุบุฑุจูุงุช', '#ุญุฑุดุฉ', '#ุนุฑุงุถุฉ_ูุบุฑุจูุฉ', '#ูุณูู_ูุบุฑุจู', '#ุงูุณุจููุฑ_ุงููุบุฑุจ', '#ุดูุฑุจุฉ', '#fyb', '#ูุทุงุกุฑ_ุจุญุดูุงุช_ูุฎุชููุฉ', '#ูุตูุงุช_ูุบุฑุจูุฉ', '#cuisinemarocaine', '#ูุฑูุฉ_ุงูุจุณุทููุฉ๐ฆ', '#ุฌูุงุจุฉ_ูุบุฑุจูุฉ', '#ููููุฉ_ูุนูุฑุฉ_ุจุงูููุชุฉ_ู_ุฑูุฒ', '#ุดูุงุถุฉ_ูุฎูุทุฉ', '#tarteaucitron', '#ูุฑูููุช_ุงูุจุทุงุทุณ', '#ูุนููุฏุฉ_ุงูุจุทุงุทุณ', '#ูููู_ูุบุฑุจู_ููุฑู', '#ุณููุงุฑ', '#ูุนููุฏุฉ', '#ุณูุฉ_ูุบุฑุจูุฉ', '#ูููู_ูุบุฑุจู_ููุฑู', '#ุจุงุณุชูุดูู', '#ูููุฉ_ุจุฏูู_ุจูุถ', '#ูููุฉ_ุดููุงุชู']"
2023-11-12,hamza_laassri,['ูุงุจู ูุฎูููู ุฎููุฉ ููุฎููููู ูุงุน ุฎูุชูู ูุงุฑุจูโค๏ธ๐'],https://www.tiktok.com/@hamza_laassri/video/7300649739886824710,"['#ุฎููุฉ', '#ุฃุฎู', '#fyp', '#ุงููุบุฑุจ๐ฒ๐ฆ', '#dzair๐ฉ๐ฟ_tunisie๐น๐ณ_maroco๐ฒ๐ฆ', '#mom', '#ุฃุญุจู_ุฃูู', '#mama', '#lwalida', '#ุฃูู']"
2023-11-27,5thevoice,[],https://www.tiktok.com/@5thevoice/video/7306178411972562181,"['#mehdifadilioficiel', '#mehdifadili', '#ibtissamtiskat', '#saadlamjarred', '#mriyech', '#foryou', '#pourtoi', '#pop', '#music', '#tchallenge', '#trending', '#ููุณูู', '#ููุณูู_ุญุฒููุฉ', '#ูุฑูุด', '#ุฌูุงุนุชูุง_ุฒููุฉ', '#ุงููุบุฑุจ', '#ุชููุณ', '#ุงูุฌุฒุงุฆุฑ', '#ูุตุฑ', '#ุงูุนุงูู_ุงูุนุฑุจู', '#ุงูุดุนุจ_ุงูุตููู_ูุงูู_ุญู๐๐']"
2023-11-25,wisal_el_malki,"[' โค๏ธ๐ซต', '@elmalki_wissal']",https://www.tiktok.com/@wisal_el_malki/video/7305404779830725893,"['#Elmalki_wisalโ๏ธ', '@Reda cristal', '#ูุง_ุจุบูุช_ูููุณ', '#ghir_jdid_khawti_hbkomโค๏ธ๐ค๐', '#ูุดุงููุฑ_ุชูู_ุชูู_ุงูุนุฑุจkolchi', '#ูุฌูู_ุงููุบุฑุจ๐ฒ๐ฆ', '#ุงููุบุฑุจ๐ฒ๐ฆุชููุณ๐น๐ณุงูุฌุฒุงุฆุฑ๐ฉ๐ฟ']"
2023-11-20,stories_arabe,"['@ุฏุฑูุณ ูุนุจุฑ', '@ุฏุฑูุณ ูุนุจุฑ', '@ุฏุฑูุณ ูุนุจุฑ']",https://www.tiktok.com/@stories_arabe/video/7303539942284594464,"['#ุชูู_ุชูู', '#ุงูุณุจููุฑ', '#ูุตุตุฏููููู', '#ูุตุต_ูุงูุนูุฉ', '#ูุตุต_ุญููููู', '#ุงูููู_ุตูู_ุนูู_ูุจููุง_ูุญูุฏ', '#ุงูุฑุณูู_ูุญูุฏ_ุตูู_ุงููู_ุนููู_ูุณูู', '#ุงููู', '#ุงูุงุณูุงู', '#ุงููุฑุฃุฉ', '#ุงููุงุดุชุงูุงุช_ููุดููุฎ', '#ุงูุดูููุทู', '#ุงุจุฏุงุนุงุช', '#ุงูุณุนูุฏูุฉ', '#ุงูุนุฑุงู', '#ุงููุบุฑุจ', '#ุงูุฌุฒุงุฆุฑ', '#ูุตุฑ']"
2023-12-08,ettaqy09,"['@ุนุจุฏ ุงููุทูู ุงูุชูู', '@ettaqytitof', '@ettaqytitof']",https://www.tiktok.com/@ettaqy09/video/7310059276502846752,"['#ุชููุณ_ุงููุบุฑุจ_ุงูุฌุฒุงุฆุฑ', '#ูุฑูุณุง๐จ๐ต_ุจูุฌููุง๐ง๐ช_ุงููุงููุง๐ฉ๐ช_ุงุณุจุงููุง๐ช๐ธ', '#ettaqytitof๐ฒ๐ฆ', '#ุงูุตุญุฑุงุก_ุงููุบุฑุจูุฉ๐ฒ๐ฆ๐ฒ๐ฆ๐ฒ๐ฆ', '#ุงููุบุฑุจ๐ฒ๐ฆุชููุณ๐น๐ณุงูุฌุฒุงุฆุฑ๐ฉ๐ฟ', '#ููุงุฑุฉ_44', '#marocaine๐ฒ๐ฆ']"
2023-11-21,3ajil_maghribi1,[],https://www.tiktok.com/@3ajil_maghribi1/video/7303932848216509702,"['#ุงูููุชุฎุจ_ุงููุบุฑุจู_ูุฃูู_ูู_17_ุณูุฉ', '#yassinebounou', '#walidregragui', '#ุงููุบุฑุจ๐ฒ๐ฆุชููุณ๐น๐ณุงูุฌุฒุงุฆุฑ๐ฉ๐ฟ', '#3ajil_maghribi1', '#maroco๐ฒ๐ฆalgeria๐ฉ๐ฟtunisia๐น๐ณ']"
2023-12-09,nmiraphone,[' #'],https://www.tiktok.com/@nmiraphone/video/7310682434771930414,"['#ุงููุบุฑุจ๐ฒ๐ฆุชููุณ๐น๐ณุงูุฌุฒุงุฆุฑ๐ฉ๐ฟ', '#nmiraphone', '#CapCut']"
